"country","year","gdp","growth","underval"
"AFG",1975,2193.85034179688,0.0227046012878418,0.962889015674591
"AFG",1980,2383.64672851562,0.0162165649235249,1.09697008132935
"AFG",1985,2297.310546875,-0.00830888748168945,0.788066148757935
"AFG",1990,1439.66833496094,-0.0973298996686935,-0.571885049343109
"AFG",1995,963.49609375,-0.0754992514848709,0.497993499040604
"AFG",2000,518.31640625,-0.125151246786118,-0.00692643690854311
"ALB",1995,2748.05932617188,0.0444094650447369,0.358637690544128
"ALB",2000,4129.03369140625,0.0821290984749794,0.164152771234512
"ANT",1975,13079.07421875,0.010581779293716,0.230963557958603
"ANT",1980,14780.2529296875,0.0247821807861328,0.144004285335541
"ANT",1985,13008.9443359375,-0.0255559924989939,-0.290607869625092
"ANT",1990,14399.84375,0.0202371589839458,-0.416644334793091
"ANT",1995,14990.185546875,0.00820064544677734,-0.498045474290848
"ANT",2000,14045.7294921875,-0.0129856113344431,-0.670115053653717
"ARE",1975,43165.59765625,0.217543035745621,-0.131442040205002
"ARE",1980,38153.921875,-0.0275018699467182,-0.189356744289398
"ARE",1985,22000.9140625,-0.10836086422205,-0.264379322528839
"ARE",1990,24195.69140625,0.0202217102050781,-0.298932492733002
"ARE",1995,27755.7265625,0.0273431781679392,-0.391270607709885
"ARE",2000,33416.2109375,0.0372329726815224,-0.450249433517456
"ARG",1955,7453.7509765625,0.0160894393920898,-0.468005299568176
"ARG",1960,7880.41162109375,0.0111621860414743,-0.28478017449379
"ARG",1965,8968.3564453125,0.0257429126650095,-0.167266607284546
"ARG",1970,10166.615234375,0.0251991264522076,-0.314240485429764
"ARG",1975,10456.9580078125,0.00565433502197266,0.155350252985954
"ARG",1980,10026.1513671875,-0.0085929874330759,0.00874614715576172
"ARG",1985,9155.4814453125,-0.0181543342769146,0.268692791461945
"ARG",1990,9759.5,0.0118986126035452,-0.25917312502861
"ARG",1995,11319.2861328125,0.0305505748838186,-0.296191662549973
"ARG",2000,10538.69140625,-0.014438247308135,0.178952813148499
"ATG",1975,4791.73193359375,-0.0125417709350586,0.251522481441498
"ATG",1980,6100.3369140625,0.0469745621085167,0.141440451145172
"ATG",1985,8602.849609375,0.0689945220947266,-0.0606911294162273
"ATG",1990,11454.18359375,0.0583154670894146,-0.0596692599356174
"ATG",1995,13027.1171875,0.0257986076176167,-0.139413997530937
"ATG",2000,14870.32421875,0.0265764240175486,-0.208720266819
"AUS",1955,10193.9345703125,0.0201652534306049,-0.0454378202557564
"AUS",1960,11310.7626953125,0.0206336975097656,-0.136675655841827
"AUS",1965,13246.05859375,0.0315441116690636,-0.167050018906593
"AUS",1970,15337.0693359375,0.0295557025820017,-0.310322731733322
"AUS",1975,16433.279296875,0.0138025283813477,-0.345104843378067
"AUS",1980,17859.4609375,0.0166788101196289,-0.336369961500168
"AUS",1985,19888.529296875,0.0214679725468159,-0.309248477220535
"AUS",1990,20930.181640625,0.0102212904021144,-0.455250948667526
"AUS",1995,24092.681640625,0.0280229561030865,-0.426510065793991
"AUS",2000,27069.85546875,0.0234199520200491,-0.351618319749832
"AUT",1955,6976.17041015625,0.0575847625732422,0.255500078201294
"AUT",1960,9093.7802734375,0.0531015396118164,0.202881142497063
"AUT",1965,10956.515625,0.0372121818363667,0.150905802845955
"AUT",1970,14059.611328125,0.049746323376894,0.0698127821087837
"AUT",1975,16439.478515625,0.0314350128173828,-0.0869899615645409
"AUT",1980,18271.62109375,0.0213815681636333,-0.00482414150610566
"AUT",1985,20162.486328125,0.01959228515625,-0.247419476509094
"AUT",1990,22860.28515625,0.0252298358827829,-0.544622182846069
"AUT",1995,24708.0390625,0.0154352188110352,-0.599850594997406
"AUT",2000,27452.181640625,0.021177101880312,-0.488495111465454
"AZE",1995,2479.80322265625,-0.0594133362174034,0.655136048793793
"AZE",2000,3723.13134765625,0.0831941589713097,0.571047604084015
"BDI",1965,658.499938964844,0.0113432882353663,0.0621178932487965
"BDI",1970,800.652954101562,0.0391991622745991,0.165696769952774
"BDI",1975,879.328735351562,0.0184745788574219,0.135195329785347
"BDI",1980,895.602966308594,0.0038978576194495,-0.0947417691349983
"BDI",1985,966.985046386719,0.0151881221681833,0.0745390355587006
"BDI",1990,1008.34655761719,0.00749025354161859,0.24947364628315
"BDI",1995,796.18994140625,-0.0463238731026649,0.269743382930756
"BDI",2000,734.438720703125,-0.0161036495119333,0.538742184638977
"BEL",1955,7531.478515625,0.0242151264101267,-0.0489611104130745
"BEL",1960,8888.34375,0.0326919555664062,-0.0943589955568314
"BEL",1965,10817.5634765625,0.0394422523677349,-0.146689385175705
"BEL",1970,13666.2119140625,0.0466285720467567,-0.208387657999992
"BEL",1975,15609.35546875,0.0268844608217478,-0.378411799669266
"BEL",1980,17039.630859375,0.0176586154848337,-0.159532904624939
"BEL",1985,18662.130859375,0.0179780963808298,-0.297626972198486
"BEL",1990,21022.19921875,0.0240245815366507,-0.574549913406372
"BEL",1995,22751.1796875,0.0157341007143259,-0.626654982566833
"BEL",2000,25147.826171875,0.0200941078364849,-0.547112345695496
"BEN",1960,931.082275390625,0.00809345208108425,-0.25186687707901
"BEN",1965,1056.8779296875,0.0253945346921682,-0.142400965094566
"BEN",1970,1188.84399414062,0.0232794769108295,-0.0349583923816681
"BEN",1975,1085.34545898438,-0.0183835979551077,-0.265366971492767
"BEN",1980,1125.98754882812,0.00776290893554688,-0.177284449338913
"BEN",1985,1144.04956054688,0.00313358311541378,-0.0399197526276112
"BEN",1990,1114.78405761719,-0.00506763439625502,-0.21586312353611
"BEN",1995,1183.45703125,0.0118989944458008,-0.0747519135475159
"BEN",2000,1295.564453125,0.0180996898561716,-0.0899072512984276
"BFA",1960,682.964294433594,-0.0265072826296091,-0.12405326962471
"BFA",1965,670.490905761719,-0.00344724650494754,-0.133392304182053
"BFA",1970,693.08740234375,0.00671939831227064,-0.060842040926218
"BFA",1975,705.512023925781,0.00356702809222043,-0.127440840005875
"BFA",1980,772.31494140625,0.0180212017148733,0.000210187950870022
"BFA",1985,843.778015136719,0.0175982471555471,-0.0387970432639122
"BFA",1990,846.028381347656,0.000708293926436454,-0.11146105825901
"BFA",1995,846.913696289062,9.67979431152344e-05,0.140825271606445
"BFA",2000,1001.98968505859,0.0334171280264854,0.276311457157135
"BGD",1975,1335.45886230469,0.00947999954223633,0.526442229747772
"BGD",1980,1357.92614746094,0.00333929061889648,0.56548023223877
"BGD",1985,1459.779296875,0.0143597600981593,0.542903006076813
"BGD",1990,1624.40344238281,0.0214694980531931,0.566475927829742
"BGD",1995,1732.626953125,0.0128003116697073,0.469784289598465
"BGD",2000,2009.38354492188,0.0294846538454294,0.515140652656555
"BGR",1995,6873.984375,-0.0227766036987305,0.713089883327484
"BGR",2000,7888.90966796875,0.0274154655635357,0.53396999835968
"BHR",1975,19838.609375,0.0927427262067795,0.121313393115997
"BHR",1980,17858.341796875,-0.0208681114017963,-0.122306317090988
"BHR",1985,15963.8720703125,-0.0224340446293354,-0.116475746035576
"BHR",1990,17182.779296875,0.0142684932798147,-0.0646766051650047
"BHR",1995,17158.89453125,0.000183868411113508,-0.213964328169823
"BHR",2000,19049.54296875,0.0209421161562204,-0.270092964172363
"BHS",1975,13388.8203125,-0.0370834358036518,0.124839529395103
"BHS",1980,18045.54296875,0.061980627477169,0.176583468914032
"BHS",1985,20015.84765625,0.0204917900264263,0.0122878551483154
"BHS",1990,18622.6875,-0.014563369564712,-0.101160109043121
"BHS",1995,17107.162109375,-0.0166738517582417,-0.260329812765121
"BHS",2000,18618.279296875,0.0170600898563862,-0.367864042520523
"BIH",1995,2535.5185546875,0.151069074869156,-0.11833019554615
"BIH",2000,3346.20556640625,0.0601509101688862,-0.163508877158165
"BLZ",1975,4385.56005859375,0.0321517959237099,0.437653064727783
"BLZ",1980,5240.0302734375,0.0362794883549213,0.420209169387817
"BLZ",1985,4329.7294921875,-0.0380521789193153,0.0975755453109741
"BLZ",1990,5454.88037109375,0.0463178642094135,0.012710670940578
"BLZ",1995,5944.20654296875,0.0175111778080463,-0.013111843727529
"BLZ",2000,6621.22998046875,0.0211894996464252,-0.112639054656029
"BMU",1975,26559.4921875,0.035214614123106,-0.112070806324482
"BMU",1980,29314.111328125,0.0199853889644146,-0.279942989349365
"BMU",1985,31967.63671875,0.0172660835087299,-0.496598303318024
"BMU",1990,30971.75390625,-0.00626087188720703,-0.66978508234024
"BMU",1995,33888.47265625,0.0178350452333689,-0.76239550113678
"BMU",2000,34332.0859375,0.00273303990252316,-0.941640555858612
"BOL",1955,2495.55419921875,-0.0251121520996094,-0.231959834694862
"BOL",1960,2516.55419921875,0.00176420214120299,0.279741406440735
"BOL",1965,2769.421875,0.0188980102539062,0.325234621763229
"BOL",1970,2689.009765625,-0.00571813574060798,0.42107555270195
"BOL",1975,3118.26928710938,0.0297402385622263,0.249927163124084
"BOL",1980,2861.77807617188,-0.0175296775996685,-0.0407446473836899
"BOL",1985,2514.30297851562,-0.0254901889711618,0.143383964896202
"BOL",1990,2627.60693359375,0.00881280936300755,0.164839819073677
"BOL",1995,2838.06005859375,0.0153999328613281,0.0445361323654652
"BOL",2000,2965.58178710938,0.00882158242166042,0.0832476243376732
"BRA",1955,2330.97973632812,0.0365327820181847,-1.16735887527466
"BRA",1960,2945.51611328125,0.0468379035592079,-0.569304823875427
"BRA",1965,3429.70092773438,0.0303864479064941,-0.614358305931091
"BRA",1970,4708.9453125,0.062601663172245,-0.573535323143005
"BRA",1975,6048.9716796875,0.0510631576180458,-0.340106129646301
"BRA",1980,6297.3837890625,0.00804405193775892,0.341570913791656
"BRA",1985,7027.845703125,0.0219833366572857,0.417108684778214
"BRA",1990,6800.08349609375,-0.00644912710413337,0.0736575424671173
"BRA",1995,6972.3193359375,0.00502052297815681,-0.278991669416428
"BRA",2000,7114.1337890625,0.00401153555139899,0.0527928173542023
"BRB",1965,9127.00390625,0.0390058532357216,0.921301126480103
"BRB",1970,12106.2919921875,0.0573667511343956,0.935285568237305
"BRB",1975,12105.26953125,-0.000348091125488281,0.711440622806549
"BRB",1980,13138.4072265625,0.0166849140077829,0.428746312856674
"BRB",1985,14578.96484375,0.0206924434751272,0.251557439565659
"BRB",1990,13898.2666015625,-0.00949783343821764,0.128923431038857
"BRB",1995,14673.5771484375,0.0108406068757176,-0.0209000259637833
"BRB",2000,15736.6826171875,0.0141057968139648,-0.111551783978939
"BRN",1975,43005.37109375,0.0531488433480263,0.711385667324066
"BRN",1980,37501.51171875,-0.0269355773925781,0.0507377833127975
"BRN",1985,30158.814453125,-0.042295265942812,0.375930368900299
"BRN",1990,27423.005859375,-0.0189002994447947,0.141785800457001
"BRN",1995,26316.380859375,-0.00822925567626953,0.0603111609816551
"BRN",2000,25565.4921875,-0.00574359903112054,0.144933000206947
"BTN",1975,285.118713378906,0.0341744422912598,-0.845346927642822
"BTN",1980,427.354858398438,0.0811954513192177,-0.294131934642792
"BTN",1985,534.95849609375,0.0443622581660748,-0.289466589689255
"BTN",1990,598.819274902344,0.0234742164611816,0.00498675461858511
"BTN",1995,747.942260742188,0.0438317283987999,0.0200694631785154
"BTN",2000,859.776977539062,0.0283013340085745,-0.188835278153419
"BWA",1975,2416.35913085938,0.0933775901794434,-0.130567222833633
"BWA",1980,3046.30151367188,0.0460654273629189,-0.245936498045921
"BWA",1985,4328.8203125,0.0699459090828896,0.00147114624269307
"BWA",1990,5768.47900390625,0.0586740486323833,-0.170153096318245
"BWA",1995,6287.9560546875,0.0171915050595999,-0.115998432040215
"BWA",2000,7975.89599609375,0.0471817031502724,-0.0472175516188145
"CAF",1975,1098.05786132812,0.0161933898925781,-0.136119872331619
"CAF",1980,1032.71374511719,-0.0118499752134085,0.0218856297433376
"CAF",1985,1015.17230224609,-0.00330657954327762,-0.256277501583099
"CAF",1990,861.678344726562,-0.0341962799429893,-0.427644520998001
"CAF",1995,825.249450683594,-0.00760049838572741,-0.170755237340927
"CAF",2000,926.299560546875,0.023416806012392,-0.15064500272274
"CAN",1955,10530.3486328125,0.0168033596128225,-0.300071358680725
"CAN",1960,11181.6904296875,0.0117700574919581,-0.308571398258209
"CAN",1965,13371.3466796875,0.0359338745474815,-0.314887851476669
"CAN",1970,15267.421875,0.026338767260313,-0.364146947860718
"CAN",1975,17565.96875,0.0281818397343159,-0.223887011408806
"CAN",1980,18750.4453125,0.0131507869809866,-0.227855145931244
"CAN",1985,21148.84765625,0.024011230096221,-0.332453370094299
"CAN",1990,21366.427734375,0.00211791996844113,-0.487370610237122
"CAN",1995,23835.658203125,0.021701430901885,-0.371981590986252
"CAN",2000,27505.408203125,0.0288211815059185,-0.394791752099991
"CHE",1955,13591.4306640625,0.0336204543709755,0.372306197881699
"CHE",1960,16639.884765625,0.040319062769413,0.267859727144241
"CHE",1965,18637.75,0.0228368751704693,0.16352516412735
"CHE",1970,22359.1015625,0.036402128636837,-0.0145086860284209
"CHE",1975,21605.28515625,-0.00683937082067132,-0.312735497951508
"CHE",1980,23981.26953125,0.0209617614746094,-0.248883098363876
"CHE",1985,25619.8125,0.0131660457700491,-0.481005519628525
"CHE",1990,26914.484375,0.00990829430520535,-0.773873150348663
"CHE",1995,27306.048828125,0.00286979670636356,-0.837382137775421
"CHE",2000,28982.109375,0.0119449617341161,-0.780149400234222
"CHL",1955,4709.73779296875,0.00649433117359877,-0.0663499161601067
"CHL",1960,5281.8916015625,0.0229009632021189,0.0232117269188166
"CHL",1965,5780.9326171875,0.0179424285888672,0.0688495859503746
"CHL",1970,6273.2109375,0.0164285656064749,-0.0440989695489407
"CHL",1975,5649.49072265625,-0.0215337760746479,0.2785564661026
"CHL",1980,6142.5224609375,0.0166177749633789,0.0699750110507011
"CHL",1985,6256.01220703125,0.00397243490442634,0.322233855724335
"CHL",1990,8152.8525390625,0.0526439659297466,0.141290202736855
"CHL",1995,10776.4658203125,0.0564136505126953,0.0290059391409159
"CHL",2000,11938.794921875,0.0205738060176373,0.249008521437645
"CHN",1955,407.657196044922,0.0363791473209858,-0.916033565998077
"CHN",1960,397.761352539062,-0.00478534679859877,-1.03057098388672
"CHN",1965,456.779418945312,0.0281413085758686,-0.959164023399353
"CHN",1970,537.542602539062,0.0325230583548546,-0.800465762615204
"CHN",1975,636.838928222656,0.0334334373474121,-0.486644923686981
"CHN",1980,884.499877929688,0.0648836120963097,-0.204358398914337
"CHN",1985,1362.25805664062,0.0867746323347092,0.281688451766968
"CHN",1990,2003.46960449219,0.0763995200395584,0.52295184135437
"CHN",1995,3204.89501953125,0.0945049300789833,0.482999294996262
"CHN",2000,4643.0849609375,0.0743600875139236,0.4894739985466
"CIV",1965,1720.50390625,0.0338383689522743,-0.193312764167786
"CIV",1970,1984.14831542969,0.0289270393550396,0.00921889208257198
"CIV",1975,2251.57641601562,0.0250850673764944,-0.234183758497238
"CIV",1980,2179.22045898438,-0.00643491744995117,-0.0939795598387718
"CIV",1985,2339.79931640625,0.0141434669494629,-0.0237401649355888
"CIV",1990,2152.98901367188,-0.0167657844722271,-0.134105384349823
"CIV",1995,2093.28125,-0.00532979983836412,-0.0215502623468637
"CIV",2000,2089.83154296875,-0.000330066686728969,0.0815916284918785
"CMR",1965,1919.44165039062,-0.00371112814173102,0.0504743009805679
"CMR",1970,1938.7578125,0.00214548106305301,-0.0390411093831062
"CMR",1975,2069.51049804688,0.0129542350769043,-0.269647926092148
"CMR",1980,2929.61889648438,0.0679334625601768,-0.1560078561306
"CMR",1985,3169.77416992188,0.016445254907012,-0.199474111199379
"CMR",1990,2414.42797851562,-0.0540288910269737,-0.204291045665741
"CMR",1995,2261.72973632812,-0.012665843591094,0.117616847157478
"CMR",2000,2579.66650390625,0.0263989455997944,0.22976653277874
"COG",1965,1098.265625,0.0086804386228323,-0.478313356637955
"COG",1970,1392.96337890625,0.0474695190787315,-0.398266732692719
"COG",1975,1657.46435546875,0.034505270421505,-0.433524996042252
"COG",1980,2731.69165039062,0.0990189537405968,-0.179528251290321
"COG",1985,2540.20654296875,-0.0134571073576808,-0.307798475027084
"COG",1990,2322.4931640625,-0.0187844280153513,-0.273021131753922
"COG",1995,2127.95141601562,-0.0190519336611032,-0.327466189861298
"COG",2000,1397.400390625,-0.0815178900957108,-0.963572919368744
"COL",1955,2733.25830078125,0.0118826869875193,-0.220029890537262
"COL",1960,2938.1923828125,0.0143865589052439,-0.0810708552598953
"COL",1965,3172.69970703125,0.0153207778930664,0.0472108088433743
"COL",1970,3773.72265625,0.0345209129154682,0.232535094022751
"COL",1975,4361.69677734375,0.0289606098085642,0.280843257904053
"COL",1980,4797.59521484375,0.0193450935184956,0.10008779913187
"COL",1985,5104.40869140625,0.0122861862182617,0.317272365093231
"COL",1990,5552.3447265625,0.0168994907289743,0.337205559015274
"COL",1995,6075.81640625,0.0180330276489258,0.0504675582051277
"COL",2000,6060.173828125,-0.000491333019454032,0.211295694112778
"COM",1965,1807.583984375,0.0323191657662392,1.0280225276947
"COM",1970,1676.294921875,-0.0145398136228323,1.06706023216248
"COM",1975,1833.92358398438,0.0180294029414654,0.549146175384521
"COM",1980,1966.75,0.0140210147947073,0.610120832920074
"COM",1985,2073.12426757812,0.0105687137693167,0.401319116353989
"COM",1990,1890.57348632812,-0.0185568816959858,0.157170340418816
"COM",1995,1561.78759765625,-0.0383753776550293,0.288925975561142
"COM",2000,1337.24926757812,-0.0308073051273823,0.115992210805416
"CPV",1965,1803.05480957031,0.0444390289485455,0.162690252065659
"CPV",1970,2083.72241210938,0.031032944098115,-0.00286797690205276
"CPV",1975,1886.3251953125,-0.0198691375553608,-0.0616040788590908
"CPV",1980,2196.29125976562,0.0295578949153423,0.298664450645447
"CPV",1985,2824.99755859375,0.0511054024100304,0.310743004083633
"CPV",1990,3011.29174804688,0.0127581600099802,0.0982619300484657
"CPV",1995,3911.32763671875,0.05150356143713,0.142838060855865
"CPV",2000,4962.41748046875,0.0484939590096474,0.270234107971191
"CRI",1955,4177.0458984375,0.0340951904654503,0.00332210399210453
"CRI",1960,4454.63232421875,0.0129636768251657,0.0777757242321968
"CRI",1965,5152.42431640625,0.0290668494999409,0.167997986078262
"CRI",1970,5961.4033203125,0.0291128158569336,0.152668908238411
"CRI",1975,6753.57080078125,0.0249038692563772,0.129393145442009
"CRI",1980,6344.73583984375,-0.0126560209318995,0.343214780092239
"CRI",1985,6202.23046875,-0.00417099008336663,0.208427503705025
"CRI",1990,6646.71240234375,0.0136297224089503,0.0834751427173615
"CRI",1995,7597.23583984375,0.0266876220703125,-0.0371124744415283
"CRI",2000,8384.818359375,0.0199140552431345,-0.136537536978722
"CUB",1975,3582.48999023438,0.0471495613455772,0.00638957973569632
"CUB",1980,4764.82421875,0.0561960227787495,0.0944640561938286
"CUB",1985,7150.59423828125,0.0828872695565224,0.511903285980225
"CUB",1990,5817.923828125,-0.0429605469107628,0.340520590543747
"CUB",1995,5175.33447265625,-0.0217752456665039,0.0477140620350838
"CUB",2000,5977.62744140625,0.0287954322993755,-0.0871672406792641
"CYP",1975,6435.5673828125,0.0157154090702534,-0.0260259322822094
"CYP",1980,9140.853515625,0.0733148604631424,0.0784546434879303
"CYP",1985,11961.7626953125,0.0531450286507607,0.0306367073208094
"CYP",1990,15168.7470703125,0.0484691634774208,-0.140416488051414
"CYP",1995,18361.203125,0.0380508415400982,-0.180484116077423
"CYP",2000,21581.337890625,0.0324655547738075,-0.148716866970062
"CZE",1995,12942.3828125,0.0121370311826468,0.169927775859833
"CZE",2000,14299.78125,0.0198484417051077,0.063567541539669
"DEU",1975,16176.1416015625,0.0211860649287701,-0.273008674383163
"DEU",1980,17616.814453125,0.0173242576420307,-0.141092628240585
"DEU",1985,19281.212890625,0.0179525371640921,-0.328413158655167
"DEU",1990,22155.181640625,0.0278705600649118,-0.617525994777679
"DEU",1995,23523.091796875,0.0119798658415675,-0.667413592338562
"DEU",2000,25286.5625,0.0144996643066406,-0.539842188358307
"DJI",1980,4148.0966796875,-0.0278295520693064,0.383932143449783
"DJI",1985,4047.39135742188,-0.00472106924280524,0.18870909512043
"DJI",1990,3196.08325195312,-0.0480861663818359,0.0589700788259506
"DJI",1995,3446.4814453125,0.0139226913452148,0.144952088594437
"DJI",2000,4422.1025390625,0.0520088188350201,0.248388916254044
"DMA",1975,3807.04052734375,-0.0245800018310547,0.726266503334045
"DMA",1980,4429.62939453125,0.0290102008730173,0.511628806591034
"DMA",1985,5660.3046875,0.0501619353890419,0.280927211046219
"DMA",1990,6668.52099609375,0.0328454971313477,0.123103909194469
"DMA",1995,7655.74609375,0.0275920871645212,0.0476632490754128
"DMA",2000,7838.9033203125,0.00502758007496595,-0.0614634715020657
"DNK",1955,9763.5732421875,0.0201953891664743,0.245871275663376
"DNK",1960,12541.3857421875,0.0499950423836708,0.143870949745178
"DNK",1965,15134.31640625,0.0377601608633995,0.0108025018125772
"DNK",1970,17374.576171875,0.0277137756347656,-0.144342467188835
"DNK",1975,18396.47265625,0.0114051820710301,-0.360087186098099
"DNK",1980,19159.033203125,0.00816802959889174,-0.222058013081551
"DNK",1985,21709.2109375,0.0250411983579397,-0.445181399583817
"DNK",1990,22736.25,0.00922107696533203,-0.735395848751068
"DNK",1995,25758.69921875,0.0249124523252249,-0.759964287281036
"DNK",2000,28000.5703125,0.0167947765439749,-0.695928037166595
"DOM",1955,1902.8564453125,0.0216143615543842,-0.226151525974274
"DOM",1960,2341.24194335938,0.0403963103890419,-0.089414156973362
"DOM",1965,2380.95727539062,0.00459136953577399,-0.0685543715953827
"DOM",1970,3054.349609375,0.0492617599666119,-0.0127319563180208
"DOM",1975,3500.75610351562,0.0278264991939068,-0.00987169798463583
"DOM",1980,4230.27880859375,0.037778090685606,-0.00945028476417065
"DOM",1985,4291.560546875,0.00300102238543332,0.575329780578613
"DOM",1990,4515.4326171875,0.00971069373190403,0.195467248558998
"DOM",1995,5598.0263671875,0.0428907386958599,0.0313165485858917
"DOM",2000,6840.53173828125,0.0405473709106445,-0.036776278167963
"DZA",1965,3935.5986328125,0.0305675510317087,0.278410673141479
"DZA",1970,4265.51220703125,0.0158731453120708,0.199217438697815
"DZA",1975,4522.0517578125,0.0112333297729492,0.0839314758777618
"DZA",1980,5210.99609375,0.0291082374751568,0.093906357884407
"DZA",1985,5671.58154296875,0.0169885642826557,-0.113988600671291
"DZA",1990,5479.8017578125,-0.00687046069651842,0.0981222540140152
"DZA",1995,5481.55029296875,0.000101470948720817,0.252549380064011
"DZA",2000,5799.0068359375,0.0112520214170218,0.229226231575012
"ECU",1955,2228.22607421875,0.0167435649782419,0.676993131637573
"ECU",1960,2409.01245117188,0.0155752180144191,0.570794701576233
"ECU",1965,2546.93725585938,0.0111489295959473,0.462578684091568
"ECU",1970,3214.79809570312,0.0442506782710552,0.519407987594604
"ECU",1975,4569.46435546875,0.0722845047712326,0.52088463306427
"ECU",1980,4888.58544921875,0.0137872695922852,0.332373380661011
"ECU",1985,4540.0791015625,-0.0148096084594727,0.441246598958969
"ECU",1990,4487.20556640625,-0.00221328740008175,0.417963862419128
"ECU",1995,4495.908203125,0.00035743712214753,0.0470613874495029
"ECU",2000,4355.04541015625,-0.00636596698313951,0.00784227252006531
"EGY",1955,1342.24780273438,0.00127706525381655,0.172959983348846
"EGY",1960,1537.55895996094,0.0269289016723633,0.225711822509766
"EGY",1965,1770.80639648438,0.0285232551395893,0.308805882930756
"EGY",1970,1913.6025390625,0.0155814168974757,0.36780259013176
"EGY",1975,2144.96411132812,0.0221096985042095,0.247795626521111
"EGY",1980,2658.42504882812,0.0435467734932899,0.243464037775993
"EGY",1985,3066.7880859375,0.0285117141902447,-0.376954734325409
"EGY",1990,3540.5537109375,0.0288526527583599,0.419640004634857
"EGY",1995,4125.96484375,0.0303817745298147,0.269876182079315
"EGY",2000,4648.2666015625,0.0240976326167583,0.34470796585083
"ERI",1995,640.786437988281,0.0209569931030273,0.204073861241341
"ERI",2000,586.536743164062,-0.0173173900693655,-0.034394346177578
"ESP",1955,4358.04833984375,0.0497941970825195,0.148588120937347
"ESP",1960,5951.05859375,0.0610595718026161,0.392786413431168
"ESP",1965,8104.85693359375,0.062646672129631,0.273700326681137
"ESP",1970,10460.271484375,0.0509225837886333,0.222811132669449
"ESP",1975,11861.2470703125,0.0258262641727924,0.0531245768070221
"ESP",1980,12070.962890625,0.00350608816370368,0.0759993568062782
"ESP",1985,13633.751953125,0.0239578243345022,-0.120515443384647
"ESP",1990,15693.498046875,0.0285295490175486,-0.479073375463486
"ESP",1995,17385.53125,0.0202333442866802,-0.426985025405884
"ESP",2000,20301.587890625,0.0312099456787109,-0.4041927754879
"EST",1995,9520.1953125,0.0120082851499319,0.300435990095139
"EST",2000,12366.7666015625,0.0521425232291222,0.207280769944191
"ETH",1955,386.392578125,0.0104890819638968,-0.305710762739182
"ETH",1960,412.555572509766,0.0130823133513331,-0.295742928981781
"ETH",1965,459.458190917969,0.0215142257511616,-0.304729253053665
"ETH",1970,494.095642089844,0.0145818712189794,-0.25491401553154
"ETH",1975,489.373016357422,-0.00190372462384403,-0.0838361158967018
"ETH",1980,502.722808837891,0.00525140762329102,-0.0428476110100746
"ETH",1985,437.298614501953,-0.0285683628171682,-0.441004395484924
"ETH",1990,528.142272949219,0.0369437225162983,-0.0490110255777836
"ETH",1995,663.154724121094,0.046841811388731,0.450150817632675
"ETH",2000,718.550659179688,0.0162968635559082,0.590492248535156
"FIN",1955,6773.72021484375,0.0349416732788086,-0.146219715476036
"FIN",1960,8453.119140625,0.0441093444824219,-0.14045362174511
"FIN",1965,10085.0185546875,0.0353080742061138,-0.186042785644531
"FIN",1970,12955.24609375,0.0498825088143349,-0.153007820248604
"FIN",1975,14261.2158203125,0.0195787437260151,-0.312683880329132
"FIN",1980,16541.16796875,0.0296567920595407,-0.262682437896729
"FIN",1985,18622.09765625,0.023432731628418,-0.542094767093658
"FIN",1990,17944.16015625,-0.00745067605748773,-0.772978067398071
"FIN",1995,19863.986328125,0.0202619545161724,-0.757535457611084
"FIN",2000,23501.2421875,0.0340000167489052,-0.686873018741608
"FJI",1975,4161.60986328125,0.0314401611685753,-0.0962058380246162
"FJI",1980,4335.5625,0.00843524932861328,-0.192894130945206
"FJI",1985,4133.83740234375,-0.00957126636058092,-0.0710358470678329
"FJI",1990,4935.66650390625,0.0354721061885357,0.0171098653227091
"FJI",1995,4795.43115234375,-0.00562744121998549,-0.0702029764652252
"FJI",2000,4759.43359375,-0.00155048375017941,0.00831701047718525
"FRA",1955,7626.81103515625,0.0358467102050781,-0.196597412228584
"FRA",1960,9390.67578125,0.0414152145385742,-0.173146545886993
"FRA",1965,11677.4794921875,0.0436569228768349,-0.209915950894356
"FRA",1970,14503.0966796875,0.0434637069702148,-0.177523747086525
"FRA",1975,16233.2265625,0.0226451866328716,-0.294099986553192
"FRA",1980,17868.79296875,0.0193344112485647,-0.187195152044296
"FRA",1985,19607.80859375,0.0184349063783884,-0.351245850324631
"FRA",1990,21443.080078125,0.0180633552372456,-0.598508775234222
"FRA",1995,22831.25390625,0.0124311447143555,-0.626555681228638
"FRA",2000,25579.74609375,0.0228347778320312,-0.519031465053558
"FSM",1975,3096.3095703125,0.0382496826350689,-0.0813390836119652
"FSM",1980,3063.45532226562,-0.00251674652099609,-0.101628914475441
"FSM",1985,3452.8037109375,0.0243083946406841,0.0187892634421587
"FSM",1990,3694.92749023438,0.0130201335996389,-0.101045101881027
"FSM",1995,3857.69970703125,0.00866203289479017,-0.206399857997894
"FSM",2000,3813.05688476562,-0.00182075495831668,-0.337339490652084
"GAB",1965,12064.826171875,0.0755971893668175,1.02756762504578
"GAB",1970,17404.291015625,0.0719703659415245,0.852794110774994
"GAB",1975,20156.822265625,0.0249114986509085,0.0640316680073738
"GAB",1980,14471.375,-0.0600139610469341,-0.0835299342870712
"GAB",1985,12884.3154296875,-0.0232770927250385,-0.0533784665167332
"GAB",1990,13125.9384765625,0.00391368847340345,-0.123424515128136
"GAB",1995,12562.6884765625,-0.00918636284768581,0.0293326433748007
"GAB",2000,9777.3671875,-0.0498424544930458,0.0833377242088318
"GBR",1955,9575.69921875,0.0239364616572857,0.120821423828602
"GBR",1960,10707.1376953125,0.0222490318119526,0.0138986064121127
"GBR",1965,12056.0849609375,0.0237573627382517,0.00708103971555829
"GBR",1970,13693.7421875,0.0253314971923828,0.0390116982161999
"GBR",1975,14971.400390625,0.0179576873779297,0.0419857017695904
"GBR",1980,15682.19140625,0.00932064093649387,-0.126533553004265
"GBR",1985,18412.625,0.0318378433585167,-0.208172753453255
"GBR",1990,19901.32421875,0.0158405303955078,-0.462344318628311
"GBR",1995,22495.1171875,0.0243873596191406,-0.525507211685181
"GBR",2000,25625.15625,0.0261421203613281,-0.584119498729706
"GEO",1995,3407.32934570312,0.0132791521027684,0.736157298088074
"GEO",2000,4427.99853515625,0.0517591461539268,0.908075213432312
"GHA",1960,569.269775390625,-0.0101263048127294,-0.28823134303093
"GHA",1965,678.874206542969,0.0291075706481934,-0.406304657459259
"GHA",1970,1235.2119140625,0.128804013133049,-0.205541133880615
"GHA",1975,1098.77661132812,-0.0228608138859272,-0.857295215129852
"GHA",1980,1114.19152832031,0.00317449565045536,-1.44835042953491
"GHA",1985,1096.69152832031,-0.00316162104718387,-0.0851795375347137
"GHA",1990,1172.82983398438,0.0135933877900243,-0.000763809483032674
"GHA",1995,1200.73107910156,0.00462751369923353,0.0726801827549934
"GHA",2000,1413.33801269531,0.0326519981026649,0.392675399780273
"GIN",1960,3066.82666015625,0.0258059501647949,0.542829692363739
"GIN",1965,2763.53540039062,-0.0207042694091797,0.474721610546112
"GIN",1970,2340.90112304688,-0.0331122390925884,0.365801930427551
"GIN",1975,2471.60815429688,0.0108268735930324,0.530099987983704
"GIN",1980,2386.12451171875,-0.00733299273997545,0.635790467262268
"GIN",1985,2183.06396484375,-0.0175117496401072,0.568638026714325
"GIN",1990,2179.71459960938,-0.000254058832069859,0.547114729881287
"GIN",1995,2414.95654296875,0.0202837940305471,0.625041663646698
"GIN",2000,2787.849609375,0.0286905281245708,0.987479627132416
"GMB",1965,883.062194824219,0.050438404083252,0.0474688746035099
"GMB",1970,893.341430664062,0.00226373667828739,0.0317332074046135
"GMB",1975,949.012145996094,0.0118296621367335,-0.341356009244919
"GMB",1980,923.311096191406,-0.0053252219222486,-0.191063553094864
"GMB",1985,914.138977050781,-0.00184373860247433,-0.168763637542725
"GMB",1990,877.508483886719,-0.00826749764382839,-0.181144312024117
"GMB",1995,821.095397949219,-0.0136370658874512,-0.023254033178091
"GMB",2000,936.104797363281,0.0265739448368549,-0.0875058844685555
"GNB",1965,648.6875,0.0441345199942589,-0.668945610523224
"GNB",1970,657.59326171875,0.00321617117151618,-0.774852752685547
"GNB",1975,699.237365722656,0.012110042385757,-0.547220647335052
"GNB",1980,614.84033203125,-0.0262547489255667,-0.779871582984924
"GNB",1985,630.190307617188,0.0057532312348485,-0.29259780049324
"GNB",1990,587.743957519531,-0.0155138019472361,-0.185272872447968
"GNB",1995,604.919189453125,0.00585041055455804,-0.16037854552269
"GNB",2000,617.730224609375,0.00397596368566155,-0.0501597411930561
"GNQ",1965,1144.04699707031,0.0273661613464355,-0.830273568630219
"GNQ",1970,1324.78234863281,0.0286150928586721,-0.481997460126877
"GNQ",1975,2375.30859375,0.116656683385372,0.490871846675873
"GNQ",1980,1829.08837890625,-0.0513412468135357,0.600253880023956
"GNQ",1985,1541.30261230469,-0.0343973152339458,0.0432323180139065
"GNQ",1990,1472.47839355469,-0.013370418921113,-0.17682121694088
"GNQ",1995,3225.50537109375,0.126662164926529,-0.137126967310905
"GNQ",2000,10118.0615234375,0.2563137114048,0.11956287920475
"GRC",1955,3721.29052734375,0.0463165268301964,0.0502700805664062
"GRC",1960,4850.94970703125,0.0526695251464844,0.0330780297517776
"GRC",1965,6846.4931640625,0.0691408142447472,0.0358332134783268
"GRC",1970,9618.6435546875,0.0680570602416992,0.0965379998087883
"GRC",1975,11240.2412109375,0.0316213592886925,0.0626617223024368
"GRC",1980,11419.3818359375,0.00334930419921875,0.097612664103508
"GRC",1985,11602.08203125,0.00316982273943722,-0.0328156836330891
"GRC",1990,12096.845703125,0.00839614868164062,-0.400470674037933
"GRC",1995,12779.27734375,0.0108522418886423,-0.52692836523056
"GRC",2000,15187.7109375,0.0343360900878906,-0.470703959465027
"GRD",1975,3296.5986328125,0.0180492401123047,0.384011298418045
"GRD",1980,3619.88330078125,0.0184289924800396,0.254970818758011
"GRD",1985,4041.13940429688,0.0218803398311138,-0.0810125023126602
"GRD",1990,4395.521484375,0.017280388623476,-0.28406947851181
"GRD",1995,5093.22412109375,0.0290863029658794,-0.366238415241241
"GRD",2000,6023.3857421875,0.0339691154658794,-0.472031116485596
"GTM",1955,2330.87719726562,0.00267782201990485,0.0991538688540459
"GTM",1960,2598.626953125,0.0218342784792185,0.111762680113316
"GTM",1965,2890.64331054688,0.0211565010249615,0.202933177351952
"GTM",1970,3366.81518554688,0.0305023193359375,0.328459680080414
"GTM",1975,3733.4052734375,0.0207380298525095,0.264950335025787
"GTM",1980,3839.26171875,0.00553245563060045,0.150479435920715
"GTM",1985,3468.4375,-0.0201269146054983,0.226528868079185
"GTM",1990,3502.9912109375,0.00198841094970703,0.277826577425003
"GTM",1995,3699.82836914062,0.0109003065153956,0.0112826833501458
"GTM",2000,3819.060546875,0.0063793184235692,-0.123903475701809
"HKG",1965,5945.0859375,0.0837730392813683,0.122922316193581
"HKG",1970,7981.82568359375,0.0584283843636513,0.0750262141227722
"HKG",1975,10625.984375,0.0562789924442768,0.0710099115967751
"HKG",1980,14628.0244140625,0.065312385559082,0.181551113724709
"HKG",1985,18922.521484375,0.050712775439024,0.166883796453476
"HKG",1990,24340.25,0.0509862899780273,-0.134939938783646
"HKG",1995,26580.185546875,0.0179296489804983,-0.374712586402893
"HKG",2000,27743.453125,0.00858898181468248,-0.255839675664902
"HND",1955,1702.20275878906,-0.000692749046720564,-0.0107439002022147
"HND",1960,1695.49621582031,-0.000482368457596749,-0.0576233007013798
"HND",1965,1837.52099609375,0.0160747524350882,-0.124918334186077
"HND",1970,1973.26977539062,0.014039134606719,-0.0691743716597557
"HND",1975,2160.10791015625,0.0179380420595407,0.0678590387105942
"HND",1980,2347.75610351562,0.0170036312192678,-0.0720402523875237
"HND",1985,2365.748046875,0.00155439379159361,-0.244779095053673
"HND",1990,2301.82788085938,-0.00554447155445814,0.196908310055733
"HND",1995,2266.15673828125,-0.00311899185180664,-0.00562722934409976
"HND",2000,2279.10498046875,0.0012132644187659,-0.246159389615059
"HRV",1995,8085.375,0.00449771899729967,-0.147410854697227
"HRV",2000,9520.390625,0.0328298583626747,-0.141053676605225
"HTI",1975,2140.63427734375,0.035245705395937,0.893574178218842
"HTI",1980,2408.88793945312,0.0238611213862896,0.803903520107269
"HTI",1985,2138.05590820312,-0.0237641334533691,0.548231661319733
"HTI",1990,1848.62060546875,-0.02907819673419,0.594873547554016
"HTI",1995,1905.88598632812,0.00632400531321764,0.318366020917892
"HTI",2000,2069.28759765625,0.0164685249328613,0.291776686906815
"HUN",1975,7880.84619140625,0.0420694351196289,0.597537219524384
"HUN",1980,9016.75,0.0271289832890034,0.641264081001282
"HUN",1985,10003.3408203125,0.0207916256040335,0.60506796836853
"HUN",1990,9370.578125,-0.0131488796323538,0.223146006464958
"HUN",1995,10058.5966796875,0.0141059877350926,0.103736773133278
"HUN",2000,12500.837890625,0.0433179847896099,-0.0124467657878995
"IDN",1965,1071.31469726562,0.00205373764038086,0.269394546747208
"IDN",1970,1509.21826171875,0.0675182342529297,0.264451771974564
"IDN",1975,1940.88659667969,0.0512191765010357,0.137360662221909
"IDN",1980,2091.94311523438,0.0152583122253418,0.228377893567085
"IDN",1985,2473.6787109375,0.0330213531851768,0.504461169242859
"IDN",1990,3281.8623046875,0.0566900260746479,0.492924332618713
"IDN",1995,3757.07739257812,0.0274112708866596,0.640472769737244
"IDN",2000,3952.18359375,0.0101791378110647,0.69991147518158
"IND",1955,839.123046875,0.0115775112062693,-0.178426891565323
"IND",1960,951.69140625,0.0249423030763865,-0.212534874677658
"IND",1965,1040.94873046875,0.0178384780883789,-0.110498510301113
"IND",1970,1157.6689453125,0.0216104499995708,0.0307219140231609
"IND",1975,1248.00317382812,0.0148872379213572,0.257123917341232
"IND",1980,1428.17578125,0.02698097191751,0.267444372177124
"IND",1985,1707.07458496094,0.0355199798941612,0.361377745866776
"IND",1990,1913.61547851562,0.0231174472719431,0.607243955135345
"IND",1995,2298.5166015625,0.036158561706543,0.662125051021576
"IND",2000,2801.31591796875,0.0398823730647564,0.667028069496155
"IRL",1955,4882.7431640625,0.0130067821592093,0.00805919896811247
"IRL",1960,5779.1787109375,0.0334356315433979,-0.0842886567115784
"IRL",1965,6855.84521484375,0.0339468009769917,-0.117820076644421
"IRL",1970,8371.3515625,0.0401643738150597,-0.156873196363449
"IRL",1975,9728.71484375,0.029914665967226,-0.136087283492088
"IRL",1980,10672.28125,0.0189760215580463,-0.224898338317871
"IRL",1985,11406.865234375,0.0130928037688136,-0.437243491411209
"IRL",1990,14040.5859375,0.0416318885982037,-0.653337955474854
"IRL",1995,19608.564453125,0.0654788985848427,-0.665843904018402
"IRL",2000,27102.462890625,0.0659189224243164,-0.690499067306519
"IRN",1960,3417.46069335938,0.0460491180419922,0.71519923210144
"IRN",1965,4477.17431640625,0.0534959807991982,0.744091033935547
"IRN",1970,6901.37890625,0.0861068740487099,0.788268089294434
"IRN",1975,7145.74609375,0.00708560924977064,0.378597438335419
"IRN",1980,5061.54296875,-0.0684669464826584,-0.0485051311552525
"IRN",1985,4458.44287109375,-0.0258859638124704,-0.902699708938599
"IRN",1990,4978.60400390625,0.0225244518369436,-0.763380110263824
"IRN",1995,5509.33544921875,0.0206518173217773,-0.116877630352974
"IRN",2000,6203.71142578125,0.0238079074770212,-0.19805833697319
"ISL",1955,8060.77978515625,0.0436191558837891,-0.751469373703003
"ISL",1960,8991.01171875,0.0211675651371479,-0.318781346082687
"ISL",1965,11100.1357421875,0.0427389144897461,-0.411273270845413
"ISL",1970,13308.0732421875,0.0354578010737896,-0.336299955844879
"ISL",1975,16246.2548828125,0.0403730385005474,-0.403800219297409
"ISL",1980,19103.044921875,0.032895278185606,-0.31124272942543
"ISL",1985,21235.357421875,0.0209896080195904,-0.480045050382614
"ISL",1990,21102.900390625,-0.00109672546386719,-0.700032532215118
"ISL",1995,22865.119140625,0.0157241821289062,-0.711161375045776
"ISL",2000,26369.6796875,0.0287904739379883,-0.71818470954895
"ISR",1955,5949.623046875,0.0407155975699425,-0.239094287157059
"ISR",1960,7747.35546875,0.0523717887699604,-0.155823573470116
"ISR",1965,9357.76171875,0.0375141128897667,-0.141759604215622
"ISR",1970,13063.2373046875,0.0670591369271278,-0.0412153899669647
"ISR",1975,14041.2607421875,0.0150318145751953,0.0280105751007795
"ISR",1980,14494.8095703125,0.00637512188404799,-0.0352401919662952
"ISR",1985,15503.9052734375,0.0133562088012695,-0.172947093844414
"ISR",1990,17610.333984375,0.0254291538149118,-0.382723182439804
"ISR",1995,20450.3203125,0.0300586707890034,-0.476295202970505
"ISR",2000,21345.26953125,0.00855216942727566,-0.452581584453583
"ITA",1955,6017.943359375,0.0478487014770508,0.22836771607399
"ITA",1960,8074.66796875,0.0586509704589844,0.156133234500885
"ITA",1965,9987.896484375,0.0423448570072651,0.0709740519523621
"ITA",1970,12403.3876953125,0.0437152869999409,0.0486290603876114
"ITA",1975,14135.869140625,0.0261631011962891,0.0856266766786575
"ITA",1980,16012.984375,0.0251895897090435,0.0464105829596519
"ITA",1985,18032.1484375,0.0235801693052053,-0.237332671880722
"ITA",1990,19757.244140625,0.018461037427187,-0.524306058883667
"ITA",1995,21149.94921875,0.013576889410615,-0.486685484647751
"ITA",2000,22863.01953125,0.0156211853027344,-0.485685884952545
"JAM",1955,3123.796875,0.0521712303161621,-0.0480073019862175
"JAM",1960,3691.0107421875,0.0337942130863667,-0.103194907307625
"JAM",1965,3974.26318359375,0.0149768833070993,-0.175726771354675
"JAM",1970,4730.9765625,0.0347248092293739,-0.122794188559055
"JAM",1975,4268.10546875,-0.0205835346132517,-0.106647454202175
"JAM",1980,3776.59423828125,-0.0243648532778025,-0.0413150303065777
"JAM",1985,3882.9619140625,0.00518131256103516,0.149982199072838
"JAM",1990,4585.15966796875,0.0335641875863075,0.163332432508469
"JAM",1995,4617.00634765625,0.00145568849984556,-0.318654090166092
"JAM",2000,4568.53759765625,-0.00209808349609375,-0.588054895401001
"JOR",1955,3458.439453125,0.017418097704649,0.377286851406097
"JOR",1960,4543.66552734375,0.0568618774414062,0.465263694524765
"JOR",1965,5095.060546875,0.023033332079649,0.514699220657349
"JOR",1970,3909.88720703125,-0.0530580505728722,0.366880148649216
"JOR",1975,3680.03881835938,-0.0128305433318019,-0.0182728823274374
"JOR",1980,4559.017578125,0.0436140075325966,-0.0636701956391335
"JOR",1985,4900.7470703125,0.0137292863801122,0.00692845415323973
"JOR",1990,3473.71240234375,-0.0679546371102333,0.0823398232460022
"JOR",1995,3852.36059570312,0.0207317359745502,0.00449955649673939
"JOR",2000,3868.19384765625,0.000806999218184501,-0.152812272310257
"JPN",1955,3546.04028320312,0.0622154250741005,0.242267161607742
"JPN",1960,5478.9921875,0.0861614197492599,0.132370144128799
"JPN",1965,8424.673828125,0.0853660553693771,0.0772897377610207
"JPN",1970,12429.1318359375,0.0796415358781815,-0.0255448408424854
"JPN",1975,14120.0654296875,0.0256059654057026,-0.19102917611599
"JPN",1980,16057.5673828125,0.0259555820375681,-0.198503538966179
"JPN",1985,18804.212890625,0.0312187187373638,-0.59632533788681
"JPN",1990,22272.96484375,0.0342531204223633,-0.845443069934845
"JPN",1995,23502.9921875,0.010745239444077,-0.921863615512848
"JPN",2000,24075.14453125,0.00481700897216797,-0.866460919380188
"KAZ",1995,6190.71240234375,-0.048370361328125,0.777850151062012
"KAZ",2000,8091.60498046875,0.0507633201777935,0.824199020862579
"KEN",1955,1176.45666503906,0.00172977452166378,0.175610139966011
"KEN",1960,1180.28332519531,0.000644111656583846,0.121949560940266
"KEN",1965,1302.34582519531,0.0196764953434467,0.122298389673233
"KEN",1970,1191.37561035156,-0.0177952758967876,-0.0883834213018417
"KEN",1975,1204.85766601562,0.00220813741907477,-0.157068639993668
"KEN",1980,1231.32507324219,0.00440073013305664,-0.117541424930096
"KEN",1985,1261.76818847656,0.00469150533899665,-0.0441146120429039
"KEN",1990,1297.31469726562,0.00571756344288588,0.28025957942009
"KEN",1995,1285.07995605469,-0.00182123179547489,0.120320573449135
"KEN",2000,1239.90356445312,-0.00717086810618639,-0.0876238942146301
"KGZ",1995,2986.13793945312,-0.00851202011108398,1.15379130840302
"KGZ",2000,3456.24389648438,0.0303832050412893,1.3580287694931
"KHM",1975,603.554382324219,-0.0803403854370117,0.149828433990479
"KHM",1980,432.29296875,-0.0654397010803223,0.0410561375319958
"KHM",1985,373.825103759766,-0.0290486328303814,-0.0135679841041565
"KHM",1990,430.382354736328,0.0280367843806744,0.272433400154114
"KHM",1995,466.678192138672,0.0165387149900198,0.134384095668793
"KHM",2000,550.002685546875,0.0327283851802349,0.0699408650398254
"KIR",1975,2958.97290039062,0.0264127738773823,-0.121998220682144
"KIR",1980,1325.58947753906,-0.1576077491045,-0.274418443441391
"KIR",1985,1245.89111328125,-0.0124676702544093,-0.100408963859081
"KIR",1990,1207.21166992188,-0.00612869253382087,-0.227236866950989
"KIR",1995,1334.75036621094,0.0199321750551462,-0.32307305932045
"KIR",2000,1421.43542480469,0.012786197476089,-0.257749021053314
"KNA",1975,4549.611328125,0.0245203021913767,0.522199094295502
"KNA",1980,5818.16552734375,0.0487834922969341,0.542138636112213
"KNA",1985,7378.70849609375,0.0480918884277344,0.20870840549469
"KNA",1990,9653.8330078125,0.0528812408447266,0.0260448846966028
"KNA",1995,13079.1181640625,0.0609266273677349,-0.0025665124412626
"KNA",2000,14509.2998046875,0.0215551368892193,-0.205352514982224
"KOR",1955,1473.62609863281,0.0162422172725201,-0.125440150499344
"KOR",1960,1548.005859375,0.00961141567677259,0.176661118865013
"KOR",1965,2037.77966308594,0.0539820678532124,0.320920050144196
"KOR",1970,2882.7138671875,0.0698449164628983,0.214939460158348
"KOR",1975,4062.84423828125,0.0679261237382889,0.0850947350263596
"KOR",1980,5064.27685546875,0.0446632392704487,0.0138372033834457
"KOR",1985,7393.8544921875,0.0750537887215614,-0.00856671389192343
"KOR",1990,10913.814453125,0.0787164717912674,-0.263871908187866
"KOR",1995,13970.93359375,0.0499319061636925,-0.260142743587494
"KOR",2000,17003.173828125,0.0391296371817589,-0.251755475997925
"KWT",1975,39007.67578125,-0.0808881744742393,0.203927963972092
"KWT",1980,24488.94140625,-0.0946229919791222,0.0430591739714146
"KWT",1985,20593.607421875,-0.0332777015864849,-0.0715877115726471
"KWT",1990,25023.369140625,0.0342044830322266,-0.0782397091388702
"KWT",1995,28636.021484375,0.0315063484013081,-0.146846443414688
"KWT",2000,24726.626953125,-0.029085922986269,-0.288860827684402
"LBN",1995,5628.10595703125,0.0941867828369141,-0.390774458646774
"LBN",2000,5986.76123046875,0.0132337566465139,-0.563182413578033
"LBR",1975,1727.75769042969,-0.0348129272460938,0.082390233874321
"LBR",1980,1720.41809082031,-0.000902175903320312,0.0692773759365082
"LBR",1985,1378.45520019531,-0.0473210327327251,-0.0762968808412552
"LBR",1990,366.030395507812,-0.283416360616684,-0.441107392311096
"LBR",1995,294.220764160156,-0.0347712524235249,-0.574881196022034
"LBR",2000,448.945495605469,0.0948543548583984,-0.463628113269806
"LCA",1975,3397.62573242188,0.0114915845915675,0.289210349321365
"LCA",1980,3897.4033203125,0.0271825790405273,0.194175392389297
"LCA",1985,5579.8486328125,0.0715129822492599,0.139620199799538
"LCA",1990,6588.1337890625,0.0340837463736534,-0.13473416864872
"LCA",1995,6677.85302734375,0.00271682743914425,-0.292759537696838
"LCA",2000,6647.609375,-0.00087852479191497,-0.420476406812668
"LKA",1955,828.762573242188,-0.0136942863464355,-0.299329340457916
"LKA",1960,954.073486328125,0.0280642509460449,-0.277897953987122
"LKA",1965,1113.01306152344,0.0309709552675486,-0.18208971619606
"LKA",1970,1372.28625488281,0.0416021347045898,-0.019044890999794
"LKA",1975,1612.91662597656,0.0324394218623638,0.480178236961365
"LKA",1980,2037.17150878906,0.0468359962105751,0.739183723926544
"LKA",1985,2446.4423828125,0.0367755889892578,0.765703737735748
"LKA",1990,2920.21240234375,0.0351375564932823,0.660803079605103
"LKA",1995,3628.2451171875,0.0434531196951866,0.607016742229462
"LKA",2000,4118.60205078125,0.0255819316953421,0.642148852348328
"LSO",1965,714.440185546875,0.024650763720274,0.167895630002022
"LSO",1970,779.653137207031,0.0163384433835745,0.221369102597237
"LSO",1975,950.327392578125,0.038546372205019,0.318622231483459
"LSO",1980,1185.00756835938,0.0463771820068359,0.250834673643112
"LSO",1985,1281.98657226562,0.0156291015446186,0.430470138788223
"LSO",1990,1322.44226074219,0.00606136303395033,0.0519708767533302
"LSO",1995,1691.31286621094,0.0488809570670128,0.160122111439705
"LSO",2000,1862.63598632812,0.0196994785219431,0.331694543361664
"LTU",1995,8241.74609375,0.022545050829649,0.394705593585968
"LTU",2000,10514.810546875,0.0479112640023232,0.212776765227318
"LUX",1955,12146.4677734375,0.0237840656191111,0.160039216279984
"LUX",1960,13588.8779296875,0.0224391929805279,0.142263814806938
"LUX",1965,15056.51171875,0.0204214099794626,0.0488486140966415
"LUX",1970,18222.986328125,0.0380104072391987,-0.0546785704791546
"LUX",1975,19089.6484375,0.0096132280305028,-0.241658926010132
"LUX",1980,20707.080078125,0.0162441246211529,-0.0698827877640724
"LUX",1985,26510.390625,0.048495102673769,-0.183377489447594
"LUX",1990,34594.515625,0.0540992729365826,-0.45984748005867
"LUX",1995,39942.62109375,0.0283063892275095,-0.525546133518219
"LUX",2000,49010.3828125,0.0415069572627544,-0.437607795000076
"LVA",1995,7718.845703125,0.0204980857670307,0.375241607427597
"LVA",2000,9894.2392578125,0.0496549606323242,0.193071618676186
"MAC",1975,11854.921875,0.0764577835798264,0.189879417419434
"MAC",1980,15538.96484375,0.0548976883292198,0.372558057308197
"MAC",1985,18797.5625,0.0376760475337505,0.364572197198868
"MAC",1990,23072.64453125,0.0414546951651573,0.0543793812394142
"MAC",1995,24485.1875,0.0119844432920218,-0.0824154689908028
"MAC",2000,28825.521484375,0.029941176995635,0.0435494445264339
"MAR",1955,1273.50891113281,-0.0100938798859715,-0.500748574733734
"MAR",1960,1696.08813476562,0.0547613129019737,-0.106057301163673
"MAR",1965,2113.49682617188,0.0461436286568642,0.0691942498087883
"MAR",1970,2410.75610351562,0.0266830436885357,0.0788402482867241
"MAR",1975,2850.39453125,0.0332373604178429,0.123343721032143
"MAR",1980,3168.80688476562,0.0214742664247751,0.34374275803566
"MAR",1985,3484.24487304688,0.0188982002437115,0.435267090797424
"MAR",1990,3681.26879882812,0.011021614074707,0.277878880500793
"MAR",1995,3705.79077148438,0.00132331845816225,0.179841712117195
"MAR",2000,3906.52954101562,0.0105756763368845,0.214207023382187
"MDA",1995,2468.08666992188,-0.0230657570064068,0.895248055458069
"MDA",2000,2540.94482421875,0.00544834136962891,0.832551181316376
"MDG",1965,1275.95812988281,0.000637626624666154,0.0951540172100067
"MDG",1970,1353.35168457031,0.0117925647646189,0.132812082767487
"MDG",1975,1191.52770996094,-0.025506591424346,-0.056063037365675
"MDG",1980,1052.24096679688,-0.0250860210508108,-0.136591181159019
"MDG",1985,963.528686523438,-0.0173040386289358,0.0249686632305384
"MDG",1990,890.937194824219,-0.0157586093991995,-0.020934522151947
"MDG",1995,842.14501953125,-0.011170482262969,-0.0964033901691437
"MDG",2000,778.662475585938,-0.0159248355776072,-0.20986245572567
"MDV",1975,1086.56909179688,0.0792663544416428,0.225115016102791
"MDV",1980,1654.79467773438,0.0840305313467979,0.278777539730072
"MDV",1985,2498.91674804688,0.0834463089704514,0.137825384736061
"MDV",1990,3304.46508789062,0.056239414960146,0.0324382185935974
"MDV",1995,3948.29370117188,0.0355079658329487,-0.125117778778076
"MDV",2000,4777.87646484375,0.0380481705069542,-0.0582935400307178
"MEX",1955,3429.97631835938,0.034976102411747,0.257000118494034
"MEX",1960,3890.15698242188,0.0249547958374023,0.0388735011219978
"MEX",1965,4716.64794921875,0.0387279503047466,-0.015170319005847
"MEX",1970,5468.54052734375,0.0294862743467093,-0.013061641715467
"MEX",1975,6324.56103515625,0.0291433334350586,0.0896797105669975
"MEX",1980,7269.15478515625,0.0279058460146189,0.112057626247406
"MEX",1985,6698.62646484375,-0.0162698738276958,0.239333093166351
"MEX",1990,7102.06787109375,0.0117317195981741,-0.224107533693314
"MEX",1995,7242.30419921875,0.00371818547137082,-0.188285544514656
"MEX",2000,8017.1494140625,0.0205547325313091,-0.496458441019058
"MKD",1995,4844.22900390625,-0.00996246375143528,0.0305172763764858
"MKD",2000,5200.6083984375,0.0142663959413767,0.104770839214325
"MLI",1965,618.761596679688,-0.0320818908512592,0.343113571405411
"MLI",1970,676.591186523438,0.0177428238093853,0.305337965488434
"MLI",1975,748.394104003906,0.0200626365840435,0.111604280769825
"MLI",1980,761.75537109375,0.00360260019078851,0.0497448444366455
"MLI",1985,829.739807128906,0.0168704986572266,-0.0395877063274384
"MLI",1990,904.738037109375,0.0176117904484272,-0.182436212897301
"MLI",1995,1020.77740478516,0.023654555901885,-0.0234653651714325
"MLI",2000,1141.36657714844,0.0227270126342773,0.0187551267445087
"MLT",1975,6745.451171875,0.130702406167984,0.0388253554701805
"MLT",1980,8782.7880859375,0.0558238998055458,0.0701289400458336
"MLT",1985,10462.3056640625,0.0345354080200195,-0.0101882489398122
"MLT",1990,13434.2021484375,0.0500141158699989,-0.125663638114929
"MLT",1995,16557.1640625,0.0419235229492188,-0.0657777413725853
"MLT",2000,18891.1953125,0.0267478935420513,-0.0323343686759472
"MNG",1975,1279.45129394531,0.0276286117732525,-1.93336141109467
"MNG",1980,1539.6513671875,0.0369007103145123,-1.61004912853241
"MNG",1985,1811.64196777344,0.0327678695321083,-1.4893125295639
"MNG",1990,1479.46667480469,-0.0416288375854492,-0.4369136095047
"MNG",1995,1451.93957519531,-0.00259027490392327,0.103098809719086
"MNG",2000,1531.74658203125,0.0106956483796239,0.035817313939333
"MOZ",1965,963.794677734375,0.0183526985347271,-1.03650772571564
"MOZ",1970,1067.6650390625,0.0206649787724018,-0.965691983699799
"MOZ",1975,1131.26928710938,0.0116828922182322,-0.447631388902664
"MOZ",1980,1065.69213867188,-0.0123970033600926,-0.182976543903351
"MOZ",1985,944.866271972656,-0.0247150417417288,-0.115768663585186
"MOZ",1990,1063.83276367188,0.0246819499880075,0.525932312011719
"MOZ",1995,998.137573242188,-0.0131385801360011,0.372930139303207
"MOZ",2000,1279.1884765625,0.0491498932242393,0.527020215988159
"MRT",1975,1440.96887207031,0.02398681640625,-0.247377321124077
"MRT",1980,1225.20849609375,-0.0325343124568462,-0.391309857368469
"MRT",1985,1216.70532226562,-0.00116624834481627,-0.284010320901871
"MRT",1990,1268.84814453125,0.00826930999755859,-0.239105507731438
"MRT",1995,1425.49194335938,0.0233969688415527,0.0674550458788872
"MRT",2000,1490.5732421875,0.00892782211303711,0.275084555149078
"MUS",1955,4832.56396484375,-0.0242469795048237,0.839346289634705
"MUS",1960,4449.5849609375,-0.0174211505800486,0.79442572593689
"MUS",1965,4384.5185546875,-0.00215759268030524,0.830541253089905
"MUS",1970,4708.70849609375,0.0138923646882176,0.916780591011047
"MUS",1975,6434.86962890625,0.0628223419189453,0.75765472650528
"MUS",1980,6610.2958984375,0.00549812335520983,0.780869126319885
"MUS",1985,8490.3916015625,0.0493782050907612,0.816518127918243
"MUS",1990,10783.3603515625,0.0483327880501747,0.619467914104462
"MUS",1995,13276.4248046875,0.0417104735970497,0.634752571582794
"MUS",2000,16158.4462890625,0.03935756534338,0.735134482383728
"MWI",1955,446.898559570312,0.0105393407866359,-0.358227729797363
"MWI",1960,459.865692138672,0.00574464816600084,-0.466687232255936
"MWI",1965,525.895080566406,0.0267359726130962,-0.417937576770782
"MWI",1970,559.168518066406,0.01155767403543,-0.294655561447144
"MWI",1975,667.490661621094,0.0360011085867882,-0.0770096778869629
"MWI",1980,712.58984375,0.0133037567138672,0.00042963883606717
"MWI",1985,714.243713378906,0.000335502612870187,0.0751350596547127
"MWI",1990,692.746826171875,-0.00695238122716546,-0.0571644902229309
"MWI",1995,826.582214355469,0.0362940803170204,0.174364820122719
"MWI",2000,783.89501953125,-0.0107694622129202,0.395396798849106
"MYS",1960,1941.06811523438,0.0282940864562988,-0.164451092481613
"MYS",1965,2314.23071289062,0.0352131836116314,-0.102008633315563
"MYS",1970,3211.01586914062,0.0639551132917404,-0.0209688004106283
"MYS",1975,4220.8056640625,0.0558017715811729,0.0710622370243073
"MYS",1980,5348.5302734375,0.0477052703499794,0.0699561610817909
"MYS",1985,5930.31884765625,0.0206146240234375,0.143369659781456
"MYS",1990,7807.25634765625,0.0545515045523643,0.0942631810903549
"MYS",1995,10217.3828125,0.0543283447623253,0.170443654060364
"MYS",2000,11619.01953125,0.0258832927793264,0.286352396011353
"NAM",1975,5164.25732421875,0.00748157501220703,0.0923508927226067
"NAM",1980,5266.05224609375,0.00388755789026618,0.163721993565559
"NAM",1985,5104.88818359375,-0.0063627241179347,0.38058677315712
"NAM",1990,4835.68212890625,-0.0107294078916311,0.0245979465544224
"NAM",1995,4864.580078125,0.00131435389630497,-0.0120097910985351
"NAM",2000,5307.75390625,0.0173528678715229,0.0994541868567467
"NER",1965,1210.77380371094,-0.00128288264386356,0.0866803675889969
"NER",1970,987.557434082031,-0.0417573936283588,-0.0053483946248889
"NER",1975,1112.71069335938,0.0248219482600689,-0.142038449645042
"NER",1980,1209.67419433594,0.0162907596677542,-0.0322220027446747
"NER",1985,1024.96569824219,-0.0327091217041016,-0.0454734191298485
"NER",1990,916.841430664062,-0.0224381443113089,-0.0902059599757195
"NER",1995,848.958312988281,-0.0151864048093557,0.19262507557869
"NER",2000,821.363159179688,-0.00650167465209961,0.161791786551476
"NGA",1955,870.105712890625,0.0196136478334665,0.0631370916962624
"NGA",1960,1071.67944335938,0.041659452021122,0.0393722057342529
"NGA",1965,891.120239257812,-0.0378504768013954,-0.199178695678711
"NGA",1970,1130.37353515625,0.0481825843453407,-0.699289381504059
"NGA",1975,1226.84008789062,0.0163178443908691,-1.11819279193878
"NGA",1980,987.401916503906,-0.0432363525032997,-1.46799528598785
"NGA",1985,961.002502441406,-0.0052186013199389,-0.57991749048233
"NGA",1990,1072.58776855469,0.0220759399235249,-0.0699722245335579
"NGA",1995,1026.71728515625,-0.00889892596751451,-0.992414832115173
"NGA",2000,1133.39233398438,0.0195757858455181,-0.284169733524323
"NIC",1955,4566.884765625,0.0267473217099905,0.905610799789429
"NIC",1960,4911.82275390625,0.0140293119475245,0.904651463031769
"NIC",1965,6001.75244140625,0.0406339652836323,0.908331453800201
"NIC",1970,6269.54736328125,0.00873489398509264,0.772382736206055
"NIC",1975,6618.60400390625,0.0100730899721384,0.871654570102692
"NIC",1980,5399.9638671875,-0.0399618148803711,0.628311216831207
"NIC",1985,4596.08642578125,-0.0332197174429893,0.0612485148012638
"NIC",1990,3429.5390625,-0.0580295547842979,0.491930544376373
"NIC",1995,3246.77612304688,-0.010438728146255,0.502273499965668
"NIC",2000,3418.44946289062,0.0103015899658203,0.456124633550644
"NLD",1955,9451.30078125,0.0360836014151573,0.397553384304047
"NLD",1960,10981.25390625,0.0297994613647461,0.245160475373268
"NLD",1965,13332.2138671875,0.0387378707528114,0.105062261223793
"NLD",1970,15908.7802734375,0.0355552658438683,-0.075741820037365
"NLD",1975,17432.408203125,0.0183151252567768,-0.285169452428818
"NLD",1980,17707.158203125,0.00319347390905023,-0.162583947181702
"NLD",1985,19218.388671875,0.0162920001894236,-0.309718638658524
"NLD",1990,21415.7890625,0.0217535011470318,-0.561355650424957
"NLD",1995,23864.50390625,0.021455192938447,-0.611121952533722
"NLD",2000,26355.580078125,0.0200708396732807,-0.583956778049469
"NOR",1955,8929.83984375,0.0260213855654001,0.0134581243619323
"NOR",1960,10219.3798828125,0.0268066413700581,-0.109930209815502
"NOR",1965,12303.685546875,0.0371442809700966,-0.160686135292053
"NOR",1970,14491.650390625,0.0326385498046875,-0.304476469755173
"NOR",1975,17682.447265625,0.0399009697139263,-0.415364533662796
"NOR",1980,20129.798828125,0.0260330196470022,-0.320233702659607
"NOR",1985,23241.10546875,0.0288000106811523,-0.506129562854767
"NOR",1990,25401.802734375,0.0176286697387695,-0.710086584091187
"NOR",1995,30729.78515625,0.038030244410038,-0.699578464031219
"NOR",2000,33886.19921875,0.0197734832763672,-0.712586283683777
"NPL",1965,838.815612792969,0.00883932132273912,-0.0374115630984306
"NPL",1970,857.496826171875,0.00443315505981445,0.148988306522369
"NPL",1975,916.399658203125,0.0132247926667333,0.469306111335754
"NPL",1980,932.255187988281,0.00334043498151004,0.522968292236328
"NPL",1985,1050.9541015625,0.0240233428776264,0.560863852500916
"NPL",1990,1165.91845703125,0.0207438468933105,0.685103893280029
"NPL",1995,1324.5302734375,0.0255625732243061,0.721219420433044
"NPL",2000,1443.51171875,0.0172621719539165,0.685523808002472
"NZL",1955,10523.8154296875,0.0165506359189749,0.0334705859422684
"NZL",1960,12674.55078125,0.0370807647705078,0.0843309909105301
"NZL",1965,14152.6923828125,0.0220680236816406,0.14111553132534
"NZL",1970,15322.751953125,0.0156810767948627,0.0462276451289654
"NZL",1975,15664.0986328125,0.00469036120921373,0.0880266204476357
"NZL",1980,16277.720703125,0.00757236499339342,0.0249367654323578
"NZL",1985,17431.337890625,0.0138490675017238,-0.161223173141479
"NZL",1990,17243.625,-0.00225238804705441,-0.296107470989227
"NZL",1995,19303.953125,0.0225944519042969,-0.406512856483459
"NZL",2000,21619.916015625,0.022580910474062,-0.286833852529526
"OMN",1975,10591.8876953125,0.0430078506469727,-0.125726133584976
"OMN",1980,11152.44921875,0.00983829516917467,0.161149919033051
"OMN",1985,13346.3564453125,0.0367809310555458,0.0763958692550659
"OMN",1990,14736.470703125,0.0197088234126568,0.0465601459145546
"OMN",1995,16027.3564453125,0.0169300083070993,0.101755037903786
"OMN",2000,16569.859375,0.00663299579173326,0.0363540723919868
"PAK",1955,818.355712890625,-0.00290451059117913,-0.11364559084177
"PAK",1960,857.737243652344,0.00905199069529772,-0.246309444308281
"PAK",1965,1058.64440917969,0.0423283576965332,-0.293342351913452
"PAK",1970,1273.90588378906,0.037104606628418,0.0672232881188393
"PAK",1975,1410.75720214844,0.0202806480228901,0.228454142808914
"PAK",1980,1710.451171875,0.0384239181876183,0.278714418411255
"PAK",1985,2054.39111328125,0.0366598144173622,0.490591943264008
"PAK",1990,2280.47143554688,0.0210821144282818,0.456105947494507
"PAK",1995,2427.42065429688,0.0125228883698583,0.473246902227402
"PAK",2000,2542.78149414062,0.00919151306152344,0.536013901233673
"PAN",1955,2273.4541015625,0.020113181322813,-0.370460003614426
"PAN",1960,2791.19458007812,0.0406945236027241,-0.335117280483246
"PAN",1965,3481.0556640625,0.044161032885313,-0.250016719102859
"PAN",1970,4010.7138671875,0.0286674499511719,-0.107377767562866
"PAN",1975,4574.810546875,0.0261220932006836,-0.0128316134214401
"PAN",1980,6060.47119140625,0.0564546585083008,-0.0418906845152378
"PAN",1985,6237.33056640625,0.0056463242508471,-0.0844615697860718
"PAN",1990,6748.8037109375,0.015690803527832,-0.0513544306159019
"PAN",1995,7321.49169921875,0.0162797924131155,-0.105643682181835
"PAN",2000,8043.86669921875,0.0190523155033588,-0.157798379659653
"PER",1955,3006.65673828125,0.0180889125913382,0.762074112892151
"PER",1960,3473.45727539062,0.0285100936889648,0.54245936870575
"PER",1965,4170.08203125,0.0369325652718544,0.428590208292007
"PER",1970,4785.6435546875,0.0274866111576557,0.4528888463974
"PER",1975,4986.248046875,0.00821285229176283,0.650916576385498
"PER",1980,4740.13671875,-0.0105485916137695,0.606614112854004
"PER",1985,4443.02783203125,-0.0132946018129587,0.282743066549301
"PER",1990,3543.3818359375,-0.0444843284785748,-0.120194360613823
"PER",1995,4140.30126953125,0.0312679298222065,-0.241845279932022
"PER",2000,4241.37548828125,0.00482349377125502,-0.2281424254179
"PHL",1955,1877.54833984375,0.0413782112300396,-0.0579270757734776
"PHL",1960,2147.56860351562,0.02701654471457,0.143584176898003
"PHL",1965,2328.22412109375,0.0162805560976267,0.264850407838821
"PHL",1970,2607.93579101562,0.0224327091127634,0.639382183551788
"PHL",1975,3092.08984375,0.0341861732304096,0.597854435443878
"PHL",1980,3323.236328125,0.0145172122865915,0.56409627199173
"PHL",1985,3028.05224609375,-0.018646240234375,0.584407806396484
"PHL",1990,3201.86450195312,0.011224364861846,0.397861778736115
"PHL",1995,3382.396484375,0.010920524597168,0.226522892713547
"PHL",2000,3720.02172851562,0.0189634319394827,0.453044325113297
"PLW",1985,7420.72412109375,-0.0159482955932617,0.0640562176704407
"PLW",1990,8703.3720703125,0.0324258804321289,-0.183172345161438
"PLW",1995,10214.7158203125,0.0318387970328331,-0.201096251606941
"PLW",2000,9519.1640625,-0.0138927455991507,-0.362684786319733
"PNG",1975,3596.05932617188,0.0735940933227539,0.243865504860878
"PNG",1980,3511.76879882812,-0.00232334132306278,0.361670583486557
"PNG",1985,3623.85009765625,0.00630493182688951,0.395462870597839
"PNG",1990,3851.84594726562,0.0103050228208303,0.141020208597183
"PNG",1995,4364.9931640625,0.0267080310732126,0.508120894432068
"PNG",2000,4430.93994140625,0.00323200225830078,0.824134290218353
"POL",1975,6568.0888671875,0.0684772506356239,0.0538510046899319
"POL",1980,5562.6875,-0.033447265625,0.175757750868797
"POL",1985,6124.34619140625,0.0196170806884766,0.278734058141708
"POL",1990,6001.7138671875,-0.0040752412751317,0.156506732106209
"POL",1995,7568.896484375,0.0459934249520302,-0.12326368689537
"POL",2000,9025.21484375,0.0355327613651752,-0.173124879598618
"PRI",1975,10138.923828125,0.0218990333378315,-0.252622425556183
"PRI",1980,10567.6396484375,0.0086997989565134,-0.256168752908707
"PRI",1985,13157.892578125,0.0433084480464458,-0.267381608486176
"PRI",1990,15782.701171875,0.0368837341666222,-0.302743583917618
"PRI",1995,17784.1484375,0.023625373840332,-0.359098255634308
"PRI",2000,21484.908203125,0.0381410606205463,-0.457290440797806
"PRT",1955,3215.82861328125,0.0372505187988281,0.256060302257538
"PRT",1960,4127.6806640625,0.0495655052363873,0.233040317893028
"PRT",1965,5664.89404296875,0.0627607330679893,0.221831530332565
"PRT",1970,8071.01171875,0.0710016265511513,0.242649734020233
"PRT",1975,8978.556640625,0.0219673160463572,0.2582126557827
"PRT",1980,10067.7099609375,0.0231420509517193,0.40110969543457
"PRT",1985,11438.26171875,0.0247299186885357,0.24636073410511
"PRT",1990,14030.7275390625,0.0416448600590229,-0.154968976974487
"PRT",1995,15714.2568359375,0.0224567409604788,-0.239504709839821
"PRT",2000,17435.92578125,0.021032715216279,-0.233816146850586
"PRY",1955,2538.97680664062,0.0107784271240234,0.404389888048172
"PRY",1960,2619.58276367188,0.0062244413420558,0.420940101146698
"PRY",1965,2791.85229492188,0.0127215385437012,0.401960372924805
"PRY",1970,3115.25927734375,0.0218603126704693,0.434337705373764
"PRY",1975,3945.12866210938,0.0463903434574604,0.370173782110214
"PRY",1980,4971.13720703125,0.0471611022949219,0.126454964280128
"PRY",1985,4957.1640625,-0.00058631895808503,0.397749096155167
"PRY",1990,5140.0478515625,0.00731754302978516,0.394201189279556
"PRY",1995,5186.62060546875,0.00178241729736328,0.269169300794601
"PRY",2000,4862.248046875,-0.0129520418122411,0.508674502372742
"QAT",1975,62203.73828125,-0.0371427536010742,0.409857392311096
"QAT",1980,44333.27734375,-0.0692659392952919,0.158951982855797
"QAT",1985,30106.15625,-0.0758125334978104,0.0455239377915859
"QAT",1990,27205.59765625,-0.0202114097774029,-0.000886307447217405
"QAT",1995,27704.51953125,0.00227127084508538,-0.135575950145721
"QAT",2000,33416.33203125,0.0387781150639057,-0.325371742248535
"ROM",1965,2012.74475097656,0.0680563002824783,-1.9184981584549
"ROM",1970,2956.6259765625,0.0758470520377159,-1.12743532657623
"ROM",1975,4659.2353515625,0.0905328765511513,0.190073385834694
"ROM",1980,6135.75830078125,0.0569616332650185,0.487041085958481
"ROM",1985,6566.7939453125,0.0136960987001657,0.201832816004753
"ROM",1990,4911.46240234375,-0.0585893616080284,0.485701501369476
"ROM",1995,5269.29296875,0.0146581651642919,0.292363584041595
"ROM",2000,5822.93310546875,0.0193914417177439,0.14619168639183
"RUS",1995,8289.6845703125,-0.0432451255619526,0.558498978614807
"RUS",2000,10494.03515625,0.0464258193969727,0.734573125839233
"RWA",1965,917.978576660156,-0.00740242004394531,0.504192411899567
"RWA",1970,1012.17852783203,0.0198161117732525,0.323634594678879
"RWA",1975,1090.79211425781,0.0141054149717093,0.0944273918867111
"RWA",1980,1277.32006835938,0.0322963707149029,0.143914759159088
"RWA",1985,1215.64025878906,-0.009734439663589,-0.0487112998962402
"RWA",1990,894.587097167969,-0.0672978386282921,0.183842122554779
"RWA",1995,908.785522460938,0.00882663764059544,0.1026571393013
"RWA",2000,1135.15466308594,0.0439411178231239,0.340132027864456
"SAU",1975,30549.46484375,0.068939782679081,0.172412142157555
"SAU",1980,24973.873046875,-0.0448081977665424,-0.0839248672127724
"SAU",1985,16599.390625,-0.0771921128034592,0.31504887342453
"SAU",1990,17939.912109375,0.0155435558408499,0.199580624699593
"SAU",1995,16542.017578125,-0.0162311550229788,0.0287966039031744
"SAU",2000,15503.3515625,-0.0129743572324514,-0.103154107928276
"SDN",1975,1150.84008789062,0.0182596202939749,-0.529533982276917
"SDN",1980,1030.02124023438,-0.0223507881164551,-0.490555137395859
"SDN",1985,1012.47515869141,-0.00321111688390374,-0.762650012969971
"SDN",1990,1095.0087890625,0.0156792644411325,-0.679608166217804
"SDN",1995,1115.82629394531,0.00337181100621819,-0.029013579711318
"SDN",2000,1110.73913574219,-0.000644016254227608,-0.207139909267426
"SEN",1965,1577.34814453125,-0.0136680603027344,-0.0593486614525318
"SEN",1970,1432.88232421875,-0.0191100127995014,-0.0548038445413113
"SEN",1975,1476.86608886719,0.0060588838532567,-0.0870803967118263
"SEN",1980,1435.69128417969,-0.00577116012573242,0.0538176074624062
"SEN",1985,1474.32836914062,0.00550918560475111,-0.14821258187294
"SEN",1990,1384.14672851562,-0.0126829147338867,-0.272228479385376
"SEN",1995,1399.53356933594,0.00212955474853516,-0.0484980866312981
"SEN",2000,1434.70947265625,0.00483217230066657,0.0450890734791756
"SGP",1965,5163.81201171875,0.0318716056644917,0.104935087263584
"SGP",1970,8103.9599609375,0.0898960083723068,0.0664283931255341
"SGP",1975,10412.1416015625,0.05066929012537,0.132758274674416
"SGP",1980,13899.9111328125,0.0581569671630859,0.113207124173641
"SGP",1985,16054.5224609375,0.0285238269716501,0.0375935509800911
"SGP",1990,21632.03125,0.0595844276249409,-0.241453766822815
"SGP",1995,26979.9609375,0.0448171608150005,-0.351583540439606
"SGP",2000,28088.736328125,0.00800838507711887,-0.211038812994957
"SLB",1975,2351.53662109375,0.0396065711975098,0.251085937023163
"SLB",1980,2377.81372070312,0.00312557211145759,0.188577398657799
"SLB",1985,2071.24584960938,-0.0267888065427542,0.212721571326256
"SLB",1990,2393.982421875,0.028676699846983,0.153288975358009
"SLB",1995,2567.96728515625,0.0143039701506495,0.00146598159335554
"SLB",2000,1800.95959472656,-0.0712930709123611,-0.0446154028177261
"SLE",1975,1322.01391601562,-0.00132446293719113,0.0424291454255581
"SLE",1980,1353.02648925781,0.00465202331542969,-0.0625399649143219
"SLE",1985,1312.91821289062,-0.0063325883820653,0.571757197380066
"SLE",1990,1002.96960449219,-0.0546197891235352,0.392623394727707
"SLE",1995,820.153625488281,-0.0412824638187885,0.281723022460938
"SLE",2000,688.187072753906,-0.032999325543642,-0.0579940788447857
"SLV",1955,3015.4365234375,0.0184842105954885,0.544439077377319
"SLV",1960,3155.77514648438,0.00887718237936497,0.527342438697815
"SLV",1965,3638.29736328125,0.0286403652280569,0.617878496646881
"SLV",1970,3836.42431640625,0.0105539318174124,0.762850999832153
"SLV",1975,4336.640625,0.0245290752500296,0.781466960906982
"SLV",1980,3733.33862304688,-0.0300077442079782,0.473850399255753
"SLV",1985,3700.43579101562,-0.0016401291359216,0.246686175465584
"SLV",1990,3953.138671875,0.0129287717863917,0.240750938653946
"SLV",1995,4590.5947265625,0.03015480004251,0.00767343165352941
"SLV",2000,4749.052734375,0.00681762676686049,-0.185533463954926
"SOM",1975,1318.77954101562,-0.0175546649843454,0.127801060676575
"SOM",1980,1104.86804199219,-0.0353260040283203,-0.510459661483765
"SOM",1985,976.046997070312,-0.0246855728328228,0.00761325284838676
"SOM",1990,930.641235351562,-0.0103835109621286,0.674332618713379
"SOM",1995,713.259887695312,-0.0521741881966591,-0.164723783731461
"SOM",2000,679.277587890625,-0.00966167449951172,-0.136036887764931
"STP",1975,1523.47094726562,0.0645091086626053,-0.234860196709633
"STP",1980,1466.36511230469,-0.00613050442188978,-0.230379939079285
"STP",1985,1367.09326171875,-0.0127224922180176,-0.269509255886078
"STP",1990,1368.64404296875,0.000299739826004952,0.00455700047314167
"STP",1995,1271.50952148438,-0.0145245548337698,0.258831739425659
"STP",2000,1342.798828125,0.0109277721494436,0.26596063375473
"SUR",1975,4616.15966796875,0.0432430282235146,-0.400504618883133
"SUR",1980,4806.0615234375,0.00872402172535658,-0.433882713317871
"SUR",1985,4826.5791015625,0.000546455383300781,-0.48793026804924
"SUR",1990,4177.19775390625,-0.031254768371582,-1.10292410850525
"SUR",1995,4458.1064453125,0.0092771528288722,-0.152168557047844
"SUR",2000,6167.939453125,0.0682176575064659,-0.208364635705948
"SVK",1990,8219.9248046875,-0.0380050651729107,0.417826235294342
"SVK",1995,8904.798828125,0.0167177207767963,0.104799710214138
"SVK",2000,10488.45703125,0.032710075378418,0.0321363471448421
"SVN",1995,16142.32421875,0.0291360858827829,-0.173477187752724
"SVN",2000,19313.638671875,0.0360095985233784,-0.0904524177312851
"SWE",1955,10154.107421875,0.0266891475766897,-0.089169941842556
"SWE",1960,12082.8388671875,0.0345264449715614,-0.206377029418945
"SWE",1965,14204.703125,0.032623864710331,-0.311114341020584
"SWE",1970,16207.490234375,0.0264148712158203,-0.375283807516098
"SWE",1975,17525.59765625,0.0156980510801077,-0.463714331388474
"SWE",1980,18264.029296875,0.00823268853127956,-0.342125356197357
"SWE",1985,20609.392578125,0.0240606311708689,-0.498930841684341
"SWE",1990,20993.33984375,0.00377273559570312,-0.782173991203308
"SWE",1995,22605.138671875,0.0146930692717433,-0.746030688285828
"SWE",2000,25921.296875,0.0274795535951853,-0.656060099601746
"SWZ",1975,4905.3095703125,0.0776679962873459,0.765732049942017
"SWZ",1980,5446.79736328125,0.0214841850101948,0.757227420806885
"SWZ",1985,6307.92041015625,0.028596306219697,1.24453508853912
"SWZ",1990,7197.03759765625,0.0271175391972065,1.01928246021271
"SWZ",1995,7702.701171875,0.0134447095915675,0.839657008647919
"SWZ",2000,9005.744140625,0.0313266739249229,1.15060520172119
"SYR",1965,1058.85803222656,0.0196096412837505,-1.10764133930206
"SYR",1970,1256.45678710938,0.0333663932979107,-0.750180840492249
"SYR",1975,1681.2978515625,0.0592625625431538,-0.782648384571075
"SYR",1980,2012.83740234375,0.0361739173531532,-1.0201404094696
"SYR",1985,1718.33618164062,-0.0320106521248817,-1.20383274555206
"SYR",1990,1659.19738769531,-0.00677795428782701,-0.966834127902985
"SYR",1995,1994.78295898438,0.0369193069636822,-0.709268927574158
"SYR",2000,2003.3193359375,0.0010567664867267,-0.643799185752869
"TCD",1965,1036.95080566406,-0.0275166518986225,-0.119384713470936
"TCD",1970,922.696594238281,-0.0231481548398733,-0.094817079603672
"TCD",1975,872.23681640625,-0.0127102853730321,-0.199781402945518
"TCD",1980,655.630065917969,-0.0555880554020405,-0.0935850590467453
"TCD",1985,853.181213378906,0.0528480522334576,0.117153681814671
"TCD",1990,868.37109375,0.00368175515905023,0.0786086991429329
"TCD",1995,866.852111816406,-0.000355625146767125,0.212790295481682
"TCD",2000,796.703369140625,-0.017455006018281,0.155708834528923
"TGO",1965,1221.68627929688,0.0584191307425499,-0.222764030098915
"TGO",1970,1341.74108886719,0.019539738073945,0.00207961676642299
"TGO",1975,1324.9365234375,-0.00245962152257562,-0.104826614260674
"TGO",1980,1101.10009765625,-0.0381156913936138,-0.0217028856277466
"TGO",1985,901.364929199219,-0.0389556884765625,-0.136068791151047
"TGO",1990,865.1259765625,-0.00832414627075195,-0.218253314495087
"TGO",1995,886.15966796875,0.00496568670496345,-0.197565868496895
"TGO",2000,780.316101074219,-0.0255537983030081,-0.297376871109009
"THA",1955,887.685485839844,-0.0188053138554096,-0.0553698502480984
"THA",1960,1137.25341796875,0.0496783256530762,-0.0146433366462588
"THA",1965,1457.00805664062,0.04931640625,0.0320081897079945
"THA",1970,1854.93029785156,0.0486286170780659,0.206611722707748
"THA",1975,2376.91967773438,0.0488626472651958,0.295244932174683
"THA",1980,2962.67041015625,0.0447136871516705,0.318056523799896
"THA",1985,3741.5244140625,0.0461287498474121,0.373105645179749
"THA",1990,5603.7060546875,0.0807283371686935,0.241946294903755
"THA",1995,6607.30517578125,0.0336452499032021,0.260950863361359
"THA",2000,6817.1533203125,0.00626029958948493,0.362250506877899
"TJK",1995,1364.36889648438,-0.109874919056892,1.07694256305695
"TJK",2000,1784.55688476562,0.0540343299508095,1.16154551506042
"TKM",1995,6012.673828125,-0.0444332137703896,1.21678853034973
"TKM",2000,7426.94140625,0.0425823219120502,0.69138765335083
"TON",1975,1170.33874511719,0.0217726714909077,-0.523622930049896
"TON",1980,1913.52111816406,0.0934672355651855,-0.33380189538002
"TON",1985,2804.62866210938,0.0812890082597733,0.0695011168718338
"TON",1990,3163.6064453125,0.0240937229245901,-0.27055224776268
"TON",1995,3240.51904296875,0.00490245828405023,-0.26739302277565
"TON",2000,3373.1357421875,0.00793113745748997,-0.0998428836464882
"TTO",1955,5142.31201171875,0.0637872666120529,0.207592308521271
"TTO",1960,6904.021484375,0.0597711578011513,0.196498185396194
"TTO",1965,8024.59521484375,0.029905891045928,0.306044399738312
"TTO",1970,9307.30078125,0.0297998432070017,0.371905624866486
"TTO",1975,11519.6708984375,0.0423652641475201,0.457836657762527
"TTO",1980,12895.1015625,0.0224861148744822,0.0993990153074265
"TTO",1985,9348.412109375,-0.0640180557966232,0.107779130339622
"TTO",1990,9545.8720703125,0.00439300527796149,0.131843596696854
"TTO",1995,11038.5380859375,0.0290081016719341,0.0876166671514511
"TTO",2000,15359.4208984375,0.0650056824088097,-0.0323332846164703
"TUN",1965,2404.60864257812,0.0198567397892475,0.405370563268661
"TUN",1970,3205.84057617188,0.0569337829947472,0.282105982303619
"TUN",1975,3800.39916992188,0.034784696996212,0.240963533520699
"TUN",1980,4332.94677734375,0.0263298042118549,0.416789919137955
"TUN",1985,4831.6484375,0.0217769630253315,0.469174414873123
"TUN",1990,5417.57080078125,0.022795295342803,0.323241531848907
"TUN",1995,6261.17919921875,0.0287603382021189,0.274855762720108
"TUN",2000,7423.96826171875,0.0342185981571674,0.396764427423477
"TUR",1955,2224.57788085938,0.0363583564758301,-0.892650067806244
"TUR",1960,2376.62939453125,0.0137870786711574,-0.334612935781479
"TUR",1965,2773.64526367188,0.0308395382016897,-0.355717241764069
"TUR",1970,3198.0234375,0.028625775128603,-0.189323902130127
"TUR",1975,3753.72021484375,0.0320701599121094,-0.397058755159378
"TUR",1980,3716.57275390625,-0.00200881948694587,-0.0392957292497158
"TUR",1985,4334.896484375,0.0307197570800781,0.0258774813264608
"TUR",1990,4896.52783203125,0.0244377143681049,-0.254968464374542
"TUR",1995,5459.4287109375,0.0217069629579782,-0.208709359169006
"TUR",2000,5609.8505859375,0.00542392721399665,-0.230355203151703
"TWN",1955,1302.48071289062,0.0352107994258404,-0.319895178079605
"TWN",1960,1606.314453125,0.0413850769400597,-0.08983314037323
"TWN",1965,2296.3974609375,0.0713087096810341,-0.0182431042194366
"TWN",1970,3455.75463867188,0.0812098532915115,0.0291737224906683
"TWN",1975,4853.06396484375,0.0677454024553299,0.049929603934288
"TWN",1980,6518.90234375,0.0600849166512489,-0.0156067246571183
"TWN",1985,9235.8818359375,0.0687461867928505,-0.123915508389473
"TWN",1990,12772.5966796875,0.0655645355582237,-0.367041736841202
"TWN",1995,16727.62109375,0.0542884841561317,-0.298193722963333
"TWN",2000,19611.8125,0.0320955291390419,-0.165485307574272
"TZA",1965,589.335632324219,0.0320959091186523,-0.459476709365845
"TZA",1970,570.2333984375,-0.00645637512207031,-0.546801567077637
"TZA",1975,580.703186035156,0.00362329487688839,-0.625067293643951
"TZA",1980,537.0283203125,-0.0157955177128315,-0.822101771831512
"TZA",1985,497.018646240234,-0.015295123681426,-0.480866998434067
"TZA",1990,496.994781494141,-7.40051254979335e-05,-0.15522862970829
"TZA",1995,674.351135253906,0.0555658340454102,-0.247890830039978
"TZA",2000,869.053955078125,0.056068517267704,-0.16453555226326
"UGA",1955,873.37841796875,-0.0013816833961755,0.412125200033188
"UGA",1960,883.495239257812,0.00219230656512082,0.398188352584839
"UGA",1965,1004.22180175781,0.0256389621645212,0.340332537889481
"UGA",1970,1051.64636230469,0.00935611687600613,-0.215794831514359
"UGA",1975,962.749816894531,-0.0186343193054199,-0.986426830291748
"UGA",1980,717.047058105469,-0.0581089965999126,-0.843671441078186
"UGA",1985,663.251037597656,-0.0154672618955374,-0.548614859580994
"UGA",1990,768.3740234375,0.0287410728633404,0.114055670797825
"UGA",1995,946.271789550781,0.0420134551823139,-0.0184979028999805
"UGA",2000,1084.89514160156,0.0276750568300486,0.203416854143143
"UKR",1995,4748.24462890625,-0.066752053797245,0.893746256828308
"UKR",2000,5719.87158203125,0.036651611328125,1.03118371963501
"URY",1955,6375.0146484375,0.00785293616354465,0.0544301271438599
"URY",1960,6023.76123046875,-0.0111303329467773,-0.326874256134033
"URY",1965,5867.923828125,-0.00526046752929688,-0.200878515839577
"URY",1970,6307.244140625,0.0144760133698583,0.204181656241417
"URY",1975,7353.27099609375,0.0302658081054688,0.340473145246506
"URY",1980,7756.208984375,0.0100507736206055,0.209556356072426
"URY",1985,7670.0986328125,-0.00162963871844113,0.432519972324371
"URY",1990,8945.013671875,0.0304704662412405,0.0771783888339996
"URY",1995,10695.1064453125,0.0362369529902935,-0.170578896999359
"URY",2000,9701.767578125,-0.019902229309082,0.0823514610528946
"USA",1955,12588.7099609375,0.0135766984894872,-0.257104843854904
"USA",1960,13614.8671875,0.0154554368928075,-0.321764796972275
"USA",1965,16537.060546875,0.0389499664306641,-0.298160016536713
"USA",1970,18504.11328125,0.0224485397338867,-0.250083595514297
"USA",1975,20620.61328125,0.0215606689453125,-0.0994591414928436
"USA",1980,22140.310546875,0.0143941882997751,-0.171852737665176
"USA",1985,25612.533203125,0.0291444770991802,-0.279713213443756
"USA",1990,27560.482421875,0.014715957455337,-0.357817947864532
"USA",1995,31265.095703125,0.0250635147094727,-0.400818079710007
"USA",2000,34757.43359375,0.0213665012270212,-0.472438901662827
"UZB",1995,3335.14038085938,-0.0197456367313862,0.753976762294769
"UZB",2000,3697.43408203125,0.0206823348999023,1.25169110298157
"VCT",1975,2648.38134765625,-0.00872364081442356,0.449936628341675
"VCT",1980,3482.76147460938,0.0546161644160748,0.379730939865112
"VCT",1985,4337.30908203125,0.0446130745112896,0.155692964792252
"VCT",1990,5956.75634765625,0.0634597763419151,0.169601619243622
"VCT",1995,6661.31005859375,0.0227569583803415,0.143730580806732
"VCT",2000,7748.57763671875,0.030301284044981,0.109955921769142
"VEN",1955,6448.14013671875,0.0387439727783203,-0.420160561800003
"VEN",1960,6435.22314453125,-0.000519752502441406,-0.550094604492188
"VEN",1965,7210.57568359375,0.0229696277529001,-0.344762027263641
"VEN",1970,7764.4765625,0.0145458225160837,-0.28737011551857
"VEN",1975,9423.216796875,0.0389297492802143,-0.21704064309597
"VEN",1980,8326.5615234375,-0.0249603278934956,-0.315323054790497
"VEN",1985,7709.42578125,-0.0151981357485056,0.0357698425650597
"VEN",1990,7929.57861328125,0.00561428070068359,0.231814473867416
"VEN",1995,7599.09423828125,-0.00843353290110826,-0.175004109740257
"VEN",2000,6974.26416015625,-0.0174629203975201,-0.323303550481796
"VNM",1990,1551.25573730469,0.0245122909545898,1.1683269739151
"VNM",1995,2000.49694824219,0.0508780479431152,0.65926593542099
"VNM",2000,2361.81713867188,0.0332224853336811,0.592180967330933
"VUT",1975,2508.90356445312,0.0453319549560547,-0.253983080387115
"VUT",1980,2666.76489257812,0.0105388639494777,0.00711034517735243
"VUT",1985,2768.36303710938,0.00909662246704102,0.0362072102725506
"VUT",1990,3001.59716796875,0.016150951385498,-0.0404005832970142
"VUT",1995,3190.78491210938,0.0124599458649755,-0.116025075316429
"VUT",2000,2861.11059570312,-0.0223787315189838,-0.150245487689972
"WSM",1975,2977.34252929688,0.022157097235322,-0.129405960440636
"WSM",1980,3003.15771484375,0.00160541536752135,0.0904048830270767
"WSM",1985,3085.29907226562,0.00558738689869642,0.14697103202343
"WSM",1990,2572.62670898438,-0.0366439819335938,-0.139012813568115
"WSM",1995,2719.6103515625,0.0111602786928415,-0.189347341656685
"WSM",2000,3281.62866210938,0.0376516357064247,-0.179816499352455
"YEM",1990,954.263305664062,-0.00353651051409543,-1.50957477092743
"YEM",1995,973.98681640625,0.00440225610509515,-0.576495766639709
"YEM",2000,1091.50341796875,0.0228809360414743,-0.587003409862518
"YUG",1995,2256.89916992188,-0.0488065704703331,-0.802605092525482
"YUG",2000,2536.78979492188,0.021669577807188,-0.581959068775177
"ZAF",1955,4664.06494140625,0.0210954658687115,0.33389949798584
"ZAF",1960,5339.80810546875,0.0269142147153616,0.284806370735168
"ZAF",1965,6059.373046875,0.0253625866025686,0.196863278746605
"ZAF",1970,6615.72265625,0.0176647193729877,0.169430762529373
"ZAF",1975,7081.2763671875,0.0135967256501317,0.291772603988647
"ZAF",1980,7670.6748046875,0.0160005576908588,0.170968845486641
"ZAF",1985,7554.5185546875,-0.00304908747784793,0.350220888853073
"ZAF",1990,7424.14306640625,-0.00351982121355832,0.0159634090960026
"ZAF",1995,7632.79150390625,0.0055387495085597,0.0381886139512062
"ZAF",2000,8662.0341796875,0.0252285003662109,0.207863509654999
"ZAR",1975,1214.9619140625,-0.038706112653017,-1.18033754825592
"ZAR",1980,1030.05749511719,-0.0333025939762592,-0.764903664588928
"ZAR",1985,946.406677246094,-0.0163739211857319,-0.0996265113353729
"ZAR",1990,734.512939453125,-0.0561258308589458,-0.0516089200973511
"ZAR",1995,467.77783203125,-0.0851425155997276,-0.213546022772789
"ZAR",2000,381.110717773438,-0.0416340827941895,-0.439000576734543
"ZMB",1960,899.231140136719,-0.00585203152149916,0.047945074737072
"ZMB",1965,1169.53454589844,0.0522066131234169,-0.078361764550209
"ZMB",1970,1348.70971679688,0.0289920810610056,-0.224421709775925
"ZMB",1975,1382.26098632812,0.00491294870153069,-0.393019914627075
"ZMB",1980,1333.76550292969,-0.0070654870942235,-0.496203631162643
"ZMB",1985,1195.99475097656,-0.0218806266784668,-0.0265929885208607
"ZMB",1990,1057.68200683594,-0.0249530784785748,-0.194860577583313
"ZMB",1995,837.014709472656,-0.0463186278939247,-0.381125867366791
"ZMB",2000,893.492065429688,0.0129166599363089,-0.407807618379593
"ZWE",1955,2250.9482421875,0.0283821113407612,0.275603413581848
"ZWE",1960,2282.31396484375,0.0029002190567553,0.162347719073296
"ZWE",1965,2255.37475585938,-0.00283355708234012,0.120680801570415
"ZWE",1970,3243.58569335938,0.0726791396737099,0.326537698507309
"ZWE",1975,3090.5791015625,-0.00967502593994141,0.36742177605629
"ZWE",1980,3499.06079101562,0.024633789435029,0.389807462692261
"ZWE",1985,3051.751953125,-0.0270790103822947,0.337848991155624
"ZWE",1990,3331.64868164062,0.0173067096620798,0.579817116260529
"ZWE",1995,3087.85693359375,-0.0146644590422511,0.597679853439331
"ZWE",2000,2863.15625,-0.01627092435956,-0.057686947286129
